[{"model": "admin.logentry", "pk": 1, "fields": {"action_time": "2023-06-12T12:29:41.897Z", "user": 1, "content_type": 12, "object_id": "5d9e5164-1141-4927-a283-baa12ac08383", "object_repr": "Active", "action_flag": 1, "change_message": "[{\"added\": {}}]"}}, {"model": "admin.logentry", "pk": 2, "fields": {"action_time": "2023-06-15T10:29:08.991Z", "user": 1, "content_type": 13, "object_id": "ca38c068-d4f7-4de2-a690-b4bc8d2ca8c2", "object_repr": "Create Author", "action_flag": 1, "change_message": "[{\"added\": {}}]"}}, {"model": "admin.logentry", "pk": 3, "fields": {"action_time": "2023-06-15T10:29:38.055Z", "user": 1, "content_type": 12, "object_id": "62d200d0-afcf-4f40-bfcd-efcf9866a8cf", "object_repr": "Completed", "action_flag": 1, "change_message": "[{\"added\": {}}]"}}, {"model": "admin.logentry", "pk": 4, "fields": {"action_time": "2023-06-15T10:29:51.778Z", "user": 1, "content_type": 12, "object_id": "dac3052b-8d4d-4543-9439-9ef53d7631f5", "object_repr": "Failed", "action_flag": 1, "change_message": "[{\"added\": {}}]"}}, {"model": "admin.logentry", "pk": 5, "fields": {"action_time": "2023-06-15T10:33:57.870Z", "user": 1, "content_type": 13, "object_id": "ca38c068-d4f7-4de2-a690-b4bc8d2ca8c2", "object_repr": "Create Author", "action_flag": 2, "change_message": "[]"}}, {"model": "admin.logentry", "pk": 6, "fields": {"action_time": "2023-06-15T10:48:01.638Z", "user": 1, "content_type": 10, "object_id": "055f6782-b229-4f4b-a9df-6ddaf565c0e5", "object_repr": "Mr John Nyangweso", "action_flag": 2, "change_message": "[{\"changed\": {\"fields\": [\"Salutation\"]}}]"}}, {"model": "admin.logentry", "pk": 7, "fields": {"action_time": "2023-06-15T10:48:18.943Z", "user": 1, "content_type": 10, "object_id": "055f6782-b229-4f4b-a9df-6ddaf565c0e5", "object_repr": "Mr John Nyangweso", "action_flag": 3, "change_message": ""}}, {"model": "admin.logentry", "pk": 8, "fields": {"action_time": "2023-06-15T10:50:26.577Z", "user": 1, "content_type": 10, "object_id": "19e28aa4-6c04-4572-a319-9e7b594208ac", "object_repr": "Mr John Nyangweso", "action_flag": 3, "change_message": ""}}, {"model": "admin.logentry", "pk": 9, "fields": {"action_time": "2023-06-15T10:51:24.888Z", "user": 1, "content_type": 10, "object_id": "c65727dd-87c1-45e6-86b0-29e84dd75efc", "object_repr": "Mr John Nyangweso", "action_flag": 3, "change_message": ""}}, {"model": "admin.logentry", "pk": 10, "fields": {"action_time": "2023-06-15T10:53:26.375Z", "user": 1, "content_type": 10, "object_id": "a7bede65-c2e3-44b2-a8b5-212367cc5f7d", "object_repr": "Mr John Nyangweso", "action_flag": 3, "change_message": ""}}, {"model": "admin.logentry", "pk": 11, "fields": {"action_time": "2023-06-15T10:59:27.533Z", "user": 1, "content_type": 10, "object_id": "ba09727f-7a9b-4c7c-83c1-c4ef49cd8849", "object_repr": "Mr John Nyangweso", "action_flag": 3, "change_message": ""}}, {"model": "admin.logentry", "pk": 12, "fields": {"action_time": "2023-06-15T11:00:15.489Z", "user": 1, "content_type": 10, "object_id": "191fa80f-94c4-432d-b46c-ad418176969d", "object_repr": "Mr John Nyangweso", "action_flag": 3, "change_message": ""}}, {"model": "admin.logentry", "pk": 13, "fields": {"action_time": "2023-06-15T11:01:38.610Z", "user": 1, "content_type": 10, "object_id": "6641de48-84d7-4d2e-bc41-93da6ea8f49e", "object_repr": "Mr John Nyangweso", "action_flag": 3, "change_message": ""}}, {"model": "admin.logentry", "pk": 14, "fields": {"action_time": "2023-06-15T11:02:23.002Z", "user": 1, "content_type": 10, "object_id": "ebfca6a7-ab25-4c2e-b108-a2391e210d76", "object_repr": "Mr John Nyangweso", "action_flag": 3, "change_message": ""}}, {"model": "admin.logentry", "pk": 15, "fields": {"action_time": "2023-06-15T11:05:23.044Z", "user": 1, "content_type": 10, "object_id": "621f5645-3521-4fef-bdc6-3c56dd08083f", "object_repr": "Mr John Nyangweso", "action_flag": 3, "change_message": ""}}, {"model": "admin.logentry", "pk": 16, "fields": {"action_time": "2023-06-15T11:06:44.271Z", "user": 1, "content_type": 10, "object_id": "1031b797-777e-42f0-8899-694ede8eeee1", "object_repr": "Mr John Nyangweso", "action_flag": 3, "change_message": ""}}, {"model": "admin.logentry", "pk": 17, "fields": {"action_time": "2023-06-15T11:26:24.183Z", "user": 1, "content_type": 10, "object_id": "f5c20062-f3b3-4847-ad12-151ebe0588fe", "object_repr": "Mr John Nyangweso", "action_flag": 3, "change_message": ""}}, {"model": "admin.logentry", "pk": 18, "fields": {"action_time": "2023-06-15T11:26:24.435Z", "user": 1, "content_type": 10, "object_id": "f5483be1-b3a4-4e29-b707-f5c5e080ebef", "object_repr": "Mr John Nyangweso", "action_flag": 3, "change_message": ""}}, {"model": "admin.logentry", "pk": 19, "fields": {"action_time": "2023-06-15T11:26:24.691Z", "user": 1, "content_type": 10, "object_id": "ebf6393d-4ff1-473b-b895-ee4ba8ca74b9", "object_repr": "Mr John Nyangweso", "action_flag": 3, "change_message": ""}}, {"model": "admin.logentry", "pk": 20, "fields": {"action_time": "2023-06-15T11:26:24.946Z", "user": 1, "content_type": 10, "object_id": "e096e1b8-a429-43f1-b861-e20167ef83a9", "object_repr": "Mr John Nyangweso", "action_flag": 3, "change_message": ""}}, {"model": "admin.logentry", "pk": 21, "fields": {"action_time": "2023-06-15T11:26:25.213Z", "user": 1, "content_type": 10, "object_id": "aa568068-04d6-4263-8a61-74c08fac81b2", "object_repr": "Mr John Nyangweso", "action_flag": 3, "change_message": ""}}, {"model": "admin.logentry", "pk": 22, "fields": {"action_time": "2023-06-15T11:26:25.468Z", "user": 1, "content_type": 10, "object_id": "aa3b722c-c021-480b-a811-6161b2aa70c7", "object_repr": "Mr John Nyangweso", "action_flag": 3, "change_message": ""}}, {"model": "admin.logentry", "pk": 23, "fields": {"action_time": "2023-06-15T11:26:25.769Z", "user": 1, "content_type": 10, "object_id": "a27736fe-ff06-4e61-8ea2-78d73e8bd306", "object_repr": "Mr John Nyangweso", "action_flag": 3, "change_message": ""}}, {"model": "admin.logentry", "pk": 24, "fields": {"action_time": "2023-06-15T11:26:26.024Z", "user": 1, "content_type": 10, "object_id": "99b8249e-cd6e-4e71-a126-2fddf922a959", "object_repr": "Mr John Nyangweso", "action_flag": 3, "change_message": ""}}, {"model": "admin.logentry", "pk": 25, "fields": {"action_time": "2023-06-15T11:26:26.291Z", "user": 1, "content_type": 10, "object_id": "86141ca1-6d73-4854-9a2f-cb09ab41836d", "object_repr": "Mr John Nyangweso", "action_flag": 3, "change_message": ""}}, {"model": "admin.logentry", "pk": 26, "fields": {"action_time": "2023-06-15T11:26:26.569Z", "user": 1, "content_type": 10, "object_id": "7b7c01cc-f3b4-4841-aa9b-596e57820184", "object_repr": "Mr John Nyangweso", "action_flag": 3, "change_message": ""}}, {"model": "admin.logentry", "pk": 27, "fields": {"action_time": "2023-06-15T11:26:26.880Z", "user": 1, "content_type": 10, "object_id": "76c2061f-ecd3-4515-bbce-a8dd8754bd5d", "object_repr": "Mr John Nyangweso", "action_flag": 3, "change_message": ""}}, {"model": "admin.logentry", "pk": 28, "fields": {"action_time": "2023-06-15T11:26:27.124Z", "user": 1, "content_type": 10, "object_id": "4c2149a9-e81c-4f1d-8de6-cbef8960c077", "object_repr": "Mr John Nyangweso", "action_flag": 3, "change_message": ""}}, {"model": "admin.logentry", "pk": 29, "fields": {"action_time": "2023-06-15T11:26:27.369Z", "user": 1, "content_type": 10, "object_id": "22a9c493-b3be-4c77-a64b-7caff09497d5", "object_repr": "Mr John Nyangweso", "action_flag": 3, "change_message": ""}}, {"model": "admin.logentry", "pk": 30, "fields": {"action_time": "2023-06-15T11:26:27.624Z", "user": 1, "content_type": 10, "object_id": "1b254e51-2bc0-4017-804c-9c715f3609bd", "object_repr": "Mr John Nyangweso", "action_flag": 3, "change_message": ""}}, {"model": "admin.logentry", "pk": 31, "fields": {"action_time": "2023-06-15T11:26:27.869Z", "user": 1, "content_type": 10, "object_id": "1970e6f4-cb6a-449a-863b-f2224695800e", "object_repr": "Mr John Nyangweso", "action_flag": 3, "change_message": ""}}, {"model": "admin.logentry", "pk": 32, "fields": {"action_time": "2023-06-16T11:33:40.036Z", "user": 1, "content_type": 13, "object_id": "94c649ef-a599-40b3-9f1e-8465c944df21", "object_repr": "Update Author", "action_flag": 1, "change_message": "[{\"added\": {}}]"}}, {"model": "admin.logentry", "pk": 33, "fields": {"action_time": "2023-06-16T11:34:11.126Z", "user": 1, "content_type": 13, "object_id": "cc19b57a-4d46-46c0-94dd-ded0ade90a96", "object_repr": "Delete Author", "action_flag": 1, "change_message": "[{\"added\": {}}]"}}, {"model": "admin.logentry", "pk": 34, "fields": {"action_time": "2023-06-16T11:49:57.084Z", "user": 1, "content_type": 12, "object_id": "136f927f-4429-4396-ac22-29a4357c60b0", "object_repr": "Deleted", "action_flag": 1, "change_message": "[{\"added\": {}}]"}}, {"model": "admin.logentry", "pk": 35, "fields": {"action_time": "2023-06-16T18:16:45.673Z", "user": 1, "content_type": 7, "object_id": "51811e3a-0dd0-481d-8b92-18d088d98070", "object_repr": "Stanley Emali", "action_flag": 1, "change_message": "[{\"added\": {}}]"}}, {"model": "admin.logentry", "pk": 36, "fields": {"action_time": "2023-06-16T18:17:46.183Z", "user": 1, "content_type": 7, "object_id": "51811e3a-0dd0-481d-8b92-18d088d98070", "object_repr": "Stanley Emali", "action_flag": 3, "change_message": ""}}, {"model": "admin.logentry", "pk": 37, "fields": {"action_time": "2023-06-16T18:18:14.207Z", "user": 1, "content_type": 7, "object_id": "c51d9aa5-7a75-4740-9a04-2071894768e7", "object_repr": "staffs emali", "action_flag": 1, "change_message": "[{\"added\": {}}]"}}, {"model": "admin.logentry", "pk": 38, "fields": {"action_time": "2023-06-16T18:20:40.207Z", "user": 1, "content_type": 7, "object_id": "e6722fbc-4ab9-456b-9a06-7033d00f80af", "object_repr": "james cdbnfm", "action_flag": 1, "change_message": "[{\"added\": {}}]"}}, {"model": "admin.logentry", "pk": 39, "fields": {"action_time": "2023-06-16T18:21:22.349Z", "user": 1, "content_type": 7, "object_id": "e6722fbc-4ab9-456b-9a06-7033d00f80af", "object_repr": "james cdbnfm", "action_flag": 3, "change_message": ""}}, {"model": "admin.logentry", "pk": 40, "fields": {"action_time": "2023-06-16T18:21:23.832Z", "user": 1, "content_type": 7, "object_id": "c51d9aa5-7a75-4740-9a04-2071894768e7", "object_repr": "staffs emali", "action_flag": 3, "change_message": ""}}, {"model": "admin.logentry", "pk": 41, "fields": {"action_time": "2023-06-16T18:22:16.238Z", "user": 1, "content_type": 7, "object_id": "6785403e-6198-468c-979b-d645d2312ea1", "object_repr": "james kariuki", "action_flag": 1, "change_message": "[{\"added\": {}}]"}}, {"model": "admin.logentry", "pk": 42, "fields": {"action_time": "2023-06-16T18:22:36.244Z", "user": 1, "content_type": 7, "object_id": "6785403e-6198-468c-979b-d645d2312ea1", "object_repr": "james kariuki", "action_flag": 3, "change_message": ""}}, {"model": "admin.logentry", "pk": 43, "fields": {"action_time": "2023-06-16T18:24:11.651Z", "user": 1, "content_type": 7, "object_id": "9c568164-ef81-48c1-a88b-3fabcf7b72a7", "object_repr": "james stagb", "action_flag": 1, "change_message": "[{\"added\": {}}]"}}, {"model": "admin.logentry", "pk": 44, "fields": {"action_time": "2023-06-16T19:56:24.755Z", "user": 1, "content_type": 13, "object_id": "6120ea5e-70ab-43e3-8745-9f9eca52def5", "object_repr": "Create Member", "action_flag": 1, "change_message": "[{\"added\": {}}]"}}, {"model": "admin.logentry", "pk": 45, "fields": {"action_time": "2023-06-16T19:56:52.721Z", "user": 1, "content_type": 13, "object_id": "8db4954e-74d8-4e5c-9249-e110527ab4ee", "object_repr": "Update Member", "action_flag": 1, "change_message": "[{\"added\": {}}]"}}, {"model": "admin.logentry", "pk": 46, "fields": {"action_time": "2023-06-16T19:57:19.562Z", "user": 1, "content_type": 13, "object_id": "434a55d6-dff2-4f35-a21e-98be2c95bdc2", "object_repr": "Delete Member", "action_flag": 1, "change_message": "[{\"added\": {}}]"}}, {"model": "admin.logentry", "pk": 47, "fields": {"action_time": "2023-06-16T19:57:51.653Z", "user": 1, "content_type": 13, "object_id": "ff224715-ad58-40d4-9c5e-8e72c9f304d5", "object_repr": "Archive Book", "action_flag": 1, "change_message": "[{\"added\": {}}]"}}, {"model": "admin.logentry", "pk": 48, "fields": {"action_time": "2023-06-16T19:58:31.102Z", "user": 1, "content_type": 13, "object_id": "5d2e7f34-4a0a-4a97-9baf-f9b30fb66180", "object_repr": "Delete Book", "action_flag": 1, "change_message": "[{\"added\": {}}]"}}, {"model": "admin.logentry", "pk": 49, "fields": {"action_time": "2023-06-16T19:58:54.599Z", "user": 1, "content_type": 13, "object_id": "6c131fb9-93d7-4f58-b833-baf19a20dee7", "object_repr": "Delete Category", "action_flag": 1, "change_message": "[{\"added\": {}}]"}}, {"model": "admin.logentry", "pk": 50, "fields": {"action_time": "2023-06-16T19:59:26.212Z", "user": 1, "content_type": 13, "object_id": "6941ebbe-8994-4f38-8239-b56064c23c84", "object_repr": "Create Category", "action_flag": 1, "change_message": "[{\"added\": {}}]"}}, {"model": "admin.logentry", "pk": 51, "fields": {"action_time": "2023-06-16T19:59:45.844Z", "user": 1, "content_type": 13, "object_id": "d31687fd-7cc2-4464-8fb4-7e394415cb5d", "object_repr": "Update Category", "action_flag": 1, "change_message": "[{\"added\": {}}]"}}, {"model": "admin.logentry", "pk": 52, "fields": {"action_time": "2023-06-16T20:00:38.282Z", "user": 1, "content_type": 13, "object_id": "417832ef-84c4-4309-aa5e-306c2d4bc870", "object_repr": "Create Book", "action_flag": 1, "change_message": "[{\"added\": {}}]"}}, {"model": "admin.logentry", "pk": 53, "fields": {"action_time": "2023-06-16T20:00:54.957Z", "user": 1, "content_type": 13, "object_id": "0166c499-5cb9-43e0-884e-f944a1cd1e67", "object_repr": "Update Book", "action_flag": 1, "change_message": "[{\"added\": {}}]"}}, {"model": "admin.logentry", "pk": 54, "fields": {"action_time": "2023-06-21T08:21:55.979Z", "user": 1, "content_type": 11, "object_id": "1", "object_repr": "The sun goes down - Mrs Johnson Nyangweso - James stagb - 2023-06-08 08:21:44+00:00", "action_flag": 1, "change_message": "[{\"added\": {}}]"}}, {"model": "admin.logentry", "pk": 55, "fields": {"action_time": "2023-06-21T08:25:22.629Z", "user": 1, "content_type": 11, "object_id": "2", "object_repr": "The sun goes down - Mrs Johnson Nyangweso - James stagb - 2023-07-14 08:25:22.587548", "action_flag": 1, "change_message": "[{\"added\": {}}]"}}, {"model": "admin.logentry", "pk": 56, "fields": {"action_time": "2023-06-21T08:59:03.247Z", "user": 1, "content_type": 11, "object_id": "2", "object_repr": "The sun goes down - Mrs Johnson Nyangweso - James stagb - 2023-07-14 08:25:22.587548+00:00", "action_flag": 3, "change_message": ""}}, {"model": "admin.logentry", "pk": 57, "fields": {"action_time": "2023-06-21T08:59:03.910Z", "user": 1, "content_type": 11, "object_id": "1", "object_repr": "The sun goes down - Mrs Johnson Nyangweso - James stagb - 2023-06-08 08:21:44+00:00", "action_flag": 3, "change_message": ""}}, {"model": "admin.logentry", "pk": 58, "fields": {"action_time": "2023-06-21T08:59:53.255Z", "user": 1, "content_type": 9, "object_id": "5ee69252-efa6-4e21-9e47-9f9a93546113", "object_repr": "The sun goes down - Mrs Johnson Nyangweso", "action_flag": 2, "change_message": "[{\"changed\": {\"fields\": [\"Edition\", \"No of books\", \"No of reserve books\"]}}]"}}, {"model": "admin.logentry", "pk": 59, "fields": {"action_time": "2023-06-21T09:06:03.514Z", "user": 1, "content_type": 13, "object_id": "bfb7ef3c-1f10-4cce-9b18-5a42aeb061f2", "object_repr": "Borrow Book", "action_flag": 1, "change_message": "[{\"added\": {}}]"}}, {"model": "admin.logentry", "pk": 60, "fields": {"action_time": "2023-06-21T09:06:38.137Z", "user": 1, "content_type": 13, "object_id": "d53c6cc1-9bd3-458c-a237-414bf137dd7a", "object_repr": "Return Book", "action_flag": 1, "change_message": "[{\"added\": {}}]"}}, {"model": "admin.logentry", "pk": 61, "fields": {"action_time": "2023-06-21T09:21:29.181Z", "user": 1, "content_type": 15, "object_id": "1", "object_repr": "120 10", "action_flag": 1, "change_message": "[{\"added\": {}}]"}}, {"model": "admin.logentry", "pk": 62, "fields": {"action_time": "2023-06-21T09:27:09.039Z", "user": 1, "content_type": 11, "object_id": "3", "object_repr": "The sun goes down - Mrs Johnson Nyangweso - James stagb - 2023-06-28 09:27:09.037241", "action_flag": 2, "change_message": "[{\"changed\": {\"fields\": [\"Total pending fee\"]}}]"}}, {"model": "admin.logentry", "pk": 63, "fields": {"action_time": "2023-06-21T09:28:27.589Z", "user": 1, "content_type": 11, "object_id": "3", "object_repr": "The sun goes down - Mrs Johnson Nyangweso - James stagb - 2023-06-28 09:28:27.548062", "action_flag": 2, "change_message": "[{\"changed\": {\"fields\": [\"Total pending fee\"]}}]"}}, {"model": "admin.logentry", "pk": 64, "fields": {"action_time": "2023-06-29T02:02:44.419Z", "user": 1, "content_type": 13, "object_id": "2f0fb3ea-4065-40d8-b953-9e32bad74f4c", "object_repr": "EnableMember", "action_flag": 1, "change_message": "[{\"added\": {}}]"}}, {"model": "admin.logentry", "pk": 65, "fields": {"action_time": "2023-06-29T02:06:23.168Z", "user": 1, "content_type": 13, "object_id": "3de1260c-affd-4774-af92-1516da300886", "object_repr": "DisableMember", "action_flag": 1, "change_message": "[{\"added\": {}}]"}}, {"model": "admin.logentry", "pk": 66, "fields": {"action_time": "2023-06-29T02:06:37.878Z", "user": 1, "content_type": 13, "object_id": "3de1260c-affd-4774-af92-1516da300886", "object_repr": "Disable Member", "action_flag": 2, "change_message": "[{\"changed\": {\"fields\": [\"Simple name\"]}}]"}}, {"model": "admin.logentry", "pk": 67, "fields": {"action_time": "2023-06-29T02:14:43.682Z", "user": 1, "content_type": 12, "object_id": "da9b6669-55f0-438e-91d2-ca8eea6adc8f", "object_repr": "Disabled", "action_flag": 1, "change_message": "[{\"added\": {}}]"}}, {"model": "admin.logentry", "pk": 68, "fields": {"action_time": "2023-06-30T07:29:51.632Z", "user": 1, "content_type": 8, "object_id": "be2e0a17-6116-4979-be6c-c7a0748e60c8", "object_repr": "Fiction", "action_flag": 2, "change_message": "[{\"changed\": {\"fields\": [\"State\"]}}]"}}, {"model": "admin.logentry", "pk": 69, "fields": {"action_time": "2023-06-30T17:11:33.438Z", "user": 1, "content_type": 15, "object_id": "2", "object_repr": "300 0", "action_flag": 1, "change_message": "[{\"added\": {}}]"}}, {"model": "auth.permission", "pk": 1, "fields": {"name": "Can add log entry", "content_type": 1, "codename": "add_logentry"}}, {"model": "auth.permission", "pk": 2, "fields": {"name": "Can change log entry", "content_type": 1, "codename": "change_logentry"}}, {"model": "auth.permission", "pk": 3, "fields": {"name": "Can delete log entry", "content_type": 1, "codename": "delete_logentry"}}, {"model": "auth.permission", "pk": 4, "fields": {"name": "Can view log entry", "content_type": 1, "codename": "view_logentry"}}, {"model": "auth.permission", "pk": 5, "fields": {"name": "Can add permission", "content_type": 2, "codename": "add_permission"}}, {"model": "auth.permission", "pk": 6, "fields": {"name": "Can change permission", "content_type": 2, "codename": "change_permission"}}, {"model": "auth.permission", "pk": 7, "fields": {"name": "Can delete permission", "content_type": 2, "codename": "delete_permission"}}, {"model": "auth.permission", "pk": 8, "fields": {"name": "Can view permission", "content_type": 2, "codename": "view_permission"}}, {"model": "auth.permission", "pk": 9, "fields": {"name": "Can add group", "content_type": 3, "codename": "add_group"}}, {"model": "auth.permission", "pk": 10, "fields": {"name": "Can change group", "content_type": 3, "codename": "change_group"}}, {"model": "auth.permission", "pk": 11, "fields": {"name": "Can delete group", "content_type": 3, "codename": "delete_group"}}, {"model": "auth.permission", "pk": 12, "fields": {"name": "Can view group", "content_type": 3, "codename": "view_group"}}, {"model": "auth.permission", "pk": 13, "fields": {"name": "Can add user", "content_type": 4, "codename": "add_user"}}, {"model": "auth.permission", "pk": 14, "fields": {"name": "Can change user", "content_type": 4, "codename": "change_user"}}, {"model": "auth.permission", "pk": 15, "fields": {"name": "Can delete user", "content_type": 4, "codename": "delete_user"}}, {"model": "auth.permission", "pk": 16, "fields": {"name": "Can view user", "content_type": 4, "codename": "view_user"}}, {"model": "auth.permission", "pk": 17, "fields": {"name": "Can add content type", "content_type": 5, "codename": "add_contenttype"}}, {"model": "auth.permission", "pk": 18, "fields": {"name": "Can change content type", "content_type": 5, "codename": "change_contenttype"}}, {"model": "auth.permission", "pk": 19, "fields": {"name": "Can delete content type", "content_type": 5, "codename": "delete_contenttype"}}, {"model": "auth.permission", "pk": 20, "fields": {"name": "Can view content type", "content_type": 5, "codename": "view_contenttype"}}, {"model": "auth.permission", "pk": 21, "fields": {"name": "Can add session", "content_type": 6, "codename": "add_session"}}, {"model": "auth.permission", "pk": 22, "fields": {"name": "Can change session", "content_type": 6, "codename": "change_session"}}, {"model": "auth.permission", "pk": 23, "fields": {"name": "Can delete session", "content_type": 6, "codename": "delete_session"}}, {"model": "auth.permission", "pk": 24, "fields": {"name": "Can view session", "content_type": 6, "codename": "view_session"}}, {"model": "auth.permission", "pk": 25, "fields": {"name": "Can add members", "content_type": 7, "codename": "add_members"}}, {"model": "auth.permission", "pk": 26, "fields": {"name": "Can change members", "content_type": 7, "codename": "change_members"}}, {"model": "auth.permission", "pk": 27, "fields": {"name": "Can delete members", "content_type": 7, "codename": "delete_members"}}, {"model": "auth.permission", "pk": 28, "fields": {"name": "Can view members", "content_type": 7, "codename": "view_members"}}, {"model": "auth.permission", "pk": 29, "fields": {"name": "Can add category", "content_type": 8, "codename": "add_category"}}, {"model": "auth.permission", "pk": 30, "fields": {"name": "Can change category", "content_type": 8, "codename": "change_category"}}, {"model": "auth.permission", "pk": 31, "fields": {"name": "Can delete category", "content_type": 8, "codename": "delete_category"}}, {"model": "auth.permission", "pk": 32, "fields": {"name": "Can view category", "content_type": 8, "codename": "view_category"}}, {"model": "auth.permission", "pk": 33, "fields": {"name": "Can add books", "content_type": 9, "codename": "add_books"}}, {"model": "auth.permission", "pk": 34, "fields": {"name": "Can change books", "content_type": 9, "codename": "change_books"}}, {"model": "auth.permission", "pk": 35, "fields": {"name": "Can delete books", "content_type": 9, "codename": "delete_books"}}, {"model": "auth.permission", "pk": 36, "fields": {"name": "Can view books", "content_type": 9, "codename": "view_books"}}, {"model": "auth.permission", "pk": 37, "fields": {"name": "Can add author", "content_type": 10, "codename": "add_author"}}, {"model": "auth.permission", "pk": 38, "fields": {"name": "Can change author", "content_type": 10, "codename": "change_author"}}, {"model": "auth.permission", "pk": 39, "fields": {"name": "Can delete author", "content_type": 10, "codename": "delete_author"}}, {"model": "auth.permission", "pk": 40, "fields": {"name": "Can view author", "content_type": 10, "codename": "view_author"}}, {"model": "auth.permission", "pk": 41, "fields": {"name": "Can add book issued", "content_type": 11, "codename": "add_bookissued"}}, {"model": "auth.permission", "pk": 42, "fields": {"name": "Can change book issued", "content_type": 11, "codename": "change_bookissued"}}, {"model": "auth.permission", "pk": 43, "fields": {"name": "Can delete book issued", "content_type": 11, "codename": "delete_bookissued"}}, {"model": "auth.permission", "pk": 44, "fields": {"name": "Can view book issued", "content_type": 11, "codename": "view_bookissued"}}, {"model": "auth.permission", "pk": 45, "fields": {"name": "Can add state", "content_type": 12, "codename": "add_state"}}, {"model": "auth.permission", "pk": 46, "fields": {"name": "Can change state", "content_type": 12, "codename": "change_state"}}, {"model": "auth.permission", "pk": 47, "fields": {"name": "Can delete state", "content_type": 12, "codename": "delete_state"}}, {"model": "auth.permission", "pk": 48, "fields": {"name": "Can view state", "content_type": 12, "codename": "view_state"}}, {"model": "auth.permission", "pk": 49, "fields": {"name": "Can add transaction type", "content_type": 13, "codename": "add_transactiontype"}}, {"model": "auth.permission", "pk": 50, "fields": {"name": "Can change transaction type", "content_type": 13, "codename": "change_transactiontype"}}, {"model": "auth.permission", "pk": 51, "fields": {"name": "Can delete transaction type", "content_type": 13, "codename": "delete_transactiontype"}}, {"model": "auth.permission", "pk": 52, "fields": {"name": "Can view transaction type", "content_type": 13, "codename": "view_transactiontype"}}, {"model": "auth.permission", "pk": 53, "fields": {"name": "Can add transaction", "content_type": 14, "codename": "add_transaction"}}, {"model": "auth.permission", "pk": 54, "fields": {"name": "Can change transaction", "content_type": 14, "codename": "change_transaction"}}, {"model": "auth.permission", "pk": 55, "fields": {"name": "Can delete transaction", "content_type": 14, "codename": "delete_transaction"}}, {"model": "auth.permission", "pk": 56, "fields": {"name": "Can view transaction", "content_type": 14, "codename": "view_transaction"}}, {"model": "auth.permission", "pk": 57, "fields": {"name": "Can add book fees", "content_type": 15, "codename": "add_bookfees"}}, {"model": "auth.permission", "pk": 58, "fields": {"name": "Can change book fees", "content_type": 15, "codename": "change_bookfees"}}, {"model": "auth.permission", "pk": 59, "fields": {"name": "Can delete book fees", "content_type": 15, "codename": "delete_bookfees"}}, {"model": "auth.permission", "pk": 60, "fields": {"name": "Can view book fees", "content_type": 15, "codename": "view_bookfees"}}, {"model": "auth.user", "pk": 1, "fields": {"password": "pbkdf2_sha256$600000$vvnBoc1Itr6iQnEhv4OsHV$GoPahfd3DmzlIgCc2aLaL2ob4OyaY6VJctAuRFD1ki8=", "last_login": "2023-06-29T02:02:20.871Z", "is_superuser": true, "username": "darker", "first_name": "", "last_name": "", "email": "stanoemali87@gmail.com", "is_staff": true, "is_active": true, "date_joined": "2023-06-12T12:23:53.803Z", "groups": [], "user_permissions": []}}, {"model": "contenttypes.contenttype", "pk": 1, "fields": {"app_label": "admin", "model": "logentry"}}, {"model": "contenttypes.contenttype", "pk": 2, "fields": {"app_label": "auth", "model": "permission"}}, {"model": "contenttypes.contenttype", "pk": 3, "fields": {"app_label": "auth", "model": "group"}}, {"model": "contenttypes.contenttype", "pk": 4, "fields": {"app_label": "auth", "model": "user"}}, {"model": "contenttypes.contenttype", "pk": 5, "fields": {"app_label": "contenttypes", "model": "contenttype"}}, {"model": "contenttypes.contenttype", "pk": 6, "fields": {"app_label": "sessions", "model": "session"}}, {"model": "contenttypes.contenttype", "pk": 7, "fields": {"app_label": "members", "model": "members"}}, {"model": "contenttypes.contenttype", "pk": 8, "fields": {"app_label": "books", "model": "category"}}, {"model": "contenttypes.contenttype", "pk": 9, "fields": {"app_label": "books", "model": "books"}}, {"model": "contenttypes.contenttype", "pk": 10, "fields": {"app_label": "books", "model": "author"}}, {"model": "contenttypes.contenttype", "pk": 11, "fields": {"app_label": "books", "model": "bookissued"}}, {"model": "contenttypes.contenttype", "pk": 12, "fields": {"app_label": "base", "model": "state"}}, {"model": "contenttypes.contenttype", "pk": 13, "fields": {"app_label": "base", "model": "transactiontype"}}, {"model": "contenttypes.contenttype", "pk": 14, "fields": {"app_label": "base", "model": "transaction"}}, {"model": "contenttypes.contenttype", "pk": 15, "fields": {"app_label": "books", "model": "bookfees"}}, {"model": "sessions.session", "pk": "46kcn4phasjmizbsg8nb0zdnrg3iuepx", "fields": {"session_data": ".eJxVjMEOwiAQRP-FsyEUaAGP3vsNZHdZpGpoUtqT8d9tkx40mdO8N_MWEba1xK3xEqckrqITl98OgZ5cD5AeUO-zpLmuy4TyUORJmxznxK_b6f4dFGhlX4MCsoPtyGdktoqTU2jJQzDc6-QC-AQ6u9CrjGDQUCYdtBv2-GyC-HwBBo44aw:1q8geD:2qTEnAYRn3D1Iq-OTKT5eq3qj66o1qcaSA5d_29hqj0", "expire_date": "2023-06-26T12:27:49.372Z"}}, {"model": "sessions.session", "pk": "8nrcltuwl833e4a862qjkk2283hkepmv", "fields": {"session_data": ".eJxVjMEOwiAQRP-FsyEUaAGP3vsNZHdZpGpoUtqT8d9tkx40mdO8N_MWEba1xK3xEqckrqITl98OgZ5cD5AeUO-zpLmuy4TyUORJmxznxK_b6f4dFGhlX4MCsoPtyGdktoqTU2jJQzDc6-QC-AQ6u9CrjGDQUCYdtBv2-GyC-HwBBo44aw:1qEgzF:uHmeef0-Zjj2TqhAk_fSmX_xdkWruv7-cJxD7LWCz_8", "expire_date": "2023-07-13T02:02:21.105Z"}}, {"model": "members.members", "pk": "024e0d65-3d34-41b0-b2c5-67cd9be97f4a", "fields": {"date_modified": "2023-06-29T02:25:09.921Z", "date_created": "2023-06-16T20:01:52.312Z", "first_name": "Daniel", "last_name": "Dans", "national_id": "33440034", "mobile_no": "070278399023", "gender": "F", "membership_no": "LB0002", "state": "da9b6669-55f0-438e-91d2-ca8eea6adc8f"}}, {"model": "members.members", "pk": "88eeb1b7-4aed-4a59-90ef-1b8a4f9c1da7", "fields": {"date_modified": "2023-06-29T02:16:04.805Z", "date_created": "2023-06-29T00:59:05.473Z", "first_name": "Stanley", "last_name": "Emali", "national_id": "33185511", "mobile_no": "0702707831", "gender": "Male", "membership_no": "LB0003", "state": "5d9e5164-1141-4927-a283-baa12ac08383"}}, {"model": "members.members", "pk": "9c568164-ef81-48c1-a88b-3fabcf7b72a7", "fields": {"date_modified": "2023-06-29T02:25:22.698Z", "date_created": "2023-06-16T18:24:11.636Z", "first_name": "James", "last_name": "stampombie", "national_id": "33440012", "mobile_no": "07027839943", "gender": "Male", "membership_no": "LB0001", "state": "136f927f-4429-4396-ac22-29a4357c60b0"}}, {"model": "books.author", "pk": "9284b71f-4862-4f65-b6ba-4cde3524901b", "fields": {"date_modified": "2023-06-29T21:25:33.377Z", "date_created": "2023-06-15T11:32:10.507Z", "salutation": "Mrs", "first_name": "Johnson", "last_name": "Nyangweso", "description": "The best author of the 21 century to the 23rd century", "state": "136f927f-4429-4396-ac22-29a4357c60b0"}}, {"model": "books.author", "pk": "a9dc04d8-f06d-4fbf-9a5e-86726f0602d0", "fields": {"date_modified": "2023-06-29T21:31:50.356Z", "date_created": "2023-06-29T21:09:08.794Z", "salutation": "Prof.", "first_name": "Mike", "last_name": "Andrew", "description": "Melbourne, Australia", "state": "136f927f-4429-4396-ac22-29a4357c60b0"}}, {"model": "books.category", "pk": "22ce534e-bbab-4a6e-b3fb-fb119a4c1761", "fields": {"date_modified": "2023-06-30T07:45:38.690Z", "date_created": "2023-06-30T07:36:57.774Z", "name": "Journals ", "description": "Recognized publications from corporate of renowned backgrounds in a given fields", "state": "5d9e5164-1141-4927-a283-baa12ac08383"}}, {"model": "books.category", "pk": "be2e0a17-6116-4979-be6c-c7a0748e60c8", "fields": {"date_modified": "2023-06-30T07:48:15.468Z", "date_created": "2023-06-16T20:09:35.669Z", "name": "Fiction", "description": "Fiction genre book ", "state": "5d9e5164-1141-4927-a283-baa12ac08383"}}, {"model": "books.books", "pk": "5ee69252-efa6-4e21-9e47-9f9a93546113", "fields": {"date_modified": "2023-06-30T19:34:39.582Z", "date_created": "2023-06-16T20:14:48.319Z", "title": "The sun goes down", "published_date": "2023-12-02", "edition": "2nd", "isbn": "3564758hfj", "book_image": null, "author": "a9dc04d8-f06d-4fbf-9a5e-86726f0602d0", "no_of_books": 53, "no_of_reserve_books": 3, "category": "22ce534e-bbab-4a6e-b3fb-fb119a4c1761", "status": "136f927f-4429-4396-ac22-29a4357c60b0"}}, {"model": "books.books", "pk": "8cbb7be6-e23c-49ef-b103-eb6194cf526a", "fields": {"date_modified": "2023-06-30T19:15:55.610Z", "date_created": "2023-06-30T11:03:07.641Z", "title": "The sun will rise agains", "published_date": "2021-06-30", "edition": "1st edition", "isbn": "25353674889443", "book_image": null, "author": "9284b71f-4862-4f65-b6ba-4cde3524901b", "no_of_books": 8, "no_of_reserve_books": 1, "category": "be2e0a17-6116-4979-be6c-c7a0748e60c8", "status": "5d9e5164-1141-4927-a283-baa12ac08383"}}, {"model": "books.bookissued", "pk": 3, "fields": {"book": "5ee69252-efa6-4e21-9e47-9f9a93546113", "member": "9c568164-ef81-48c1-a88b-3fabcf7b72a7", "issued_date": "2023-06-21T09:23:52.648Z", "borrow_duration": 7, "return_date": "2023-06-28T09:28:34.008Z", "return_fee": "120.00", "total_fee": "0.00", "fee_paid": true, "returned": true}}, {"model": "books.bookissued", "pk": 4, "fields": {"book": "5ee69252-efa6-4e21-9e47-9f9a93546113", "member": "024e0d65-3d34-41b0-b2c5-67cd9be97f4a", "issued_date": "2023-06-30T17:38:00.238Z", "borrow_duration": 7, "return_date": "2023-07-07T19:32:03.291Z", "return_fee": "120.00", "total_fee": "0.00", "fee_paid": true, "returned": true}}, {"model": "books.bookissued", "pk": 5, "fields": {"book": "8cbb7be6-e23c-49ef-b103-eb6194cf526a", "member": "88eeb1b7-4aed-4a59-90ef-1b8a4f9c1da7", "issued_date": "2023-06-30T19:15:55.958Z", "borrow_duration": 10, "return_date": "2023-07-10T19:15:55.958Z", "return_fee": "120.00", "total_fee": "120.00", "fee_paid": false, "returned": false}}, {"model": "books.bookfees", "pk": 1, "fields": {"borrow_fee": "120.00", "late_return_rate": 10, "max_borrow_fee_limit": "500.00"}}, {"model": "books.bookfees", "pk": 2, "fields": {"borrow_fee": "300.00", "late_return_rate": 0, "max_borrow_fee_limit": "500.00"}}, {"model": "base.state", "pk": "136f927f-4429-4396-ac22-29a4357c60b0", "fields": {"date_modified": "2023-06-16T11:49:57.082Z", "date_created": "2023-06-16T11:49:57.083Z", "name": "Deleted", "description": "Deleted items from database"}}, {"model": "base.state", "pk": "5d9e5164-1141-4927-a283-baa12ac08383", "fields": {"date_modified": "2023-06-12T12:29:41.896Z", "date_created": "2023-06-12T12:29:41.896Z", "name": "Active", "description": "active state"}}, {"model": "base.state", "pk": "62d200d0-afcf-4f40-bfcd-efcf9866a8cf", "fields": {"date_modified": "2023-06-15T10:29:38.054Z", "date_created": "2023-06-15T10:29:38.054Z", "name": "Completed", "description": "complete transaction"}}, {"model": "base.state", "pk": "da9b6669-55f0-438e-91d2-ca8eea6adc8f", "fields": {"date_modified": "2023-06-29T02:14:43.681Z", "date_created": "2023-06-29T02:14:43.681Z", "name": "Disabled", "description": ""}}, {"model": "base.state", "pk": "dac3052b-8d4d-4543-9439-9ef53d7631f5", "fields": {"date_modified": "2023-06-15T10:29:51.777Z", "date_created": "2023-06-15T10:29:51.777Z", "name": "Failed", "description": "failed"}}, {"model": "base.transactiontype", "pk": "0166c499-5cb9-43e0-884e-f944a1cd1e67", "fields": {"date_modified": "2023-06-16T20:00:54.956Z", "date_created": "2023-06-16T20:00:54.956Z", "name": "UpdateBook", "description": "Update Book", "simple_name": "Update Book", "state": "5d9e5164-1141-4927-a283-baa12ac08383"}}, {"model": "base.transactiontype", "pk": "2f0fb3ea-4065-40d8-b953-9e32bad74f4c", "fields": {"date_modified": "2023-06-29T02:02:44.418Z", "date_created": "2023-06-29T02:02:44.418Z", "name": "EnableMember", "description": "", "simple_name": "EnableMember", "state": "5d9e5164-1141-4927-a283-baa12ac08383"}}, {"model": "base.transactiontype", "pk": "3de1260c-affd-4774-af92-1516da300886", "fields": {"date_modified": "2023-06-29T02:06:37.877Z", "date_created": "2023-06-29T02:06:23.167Z", "name": "DisableMember", "description": "", "simple_name": "Disable Member", "state": "5d9e5164-1141-4927-a283-baa12ac08383"}}, {"model": "base.transactiontype", "pk": "417832ef-84c4-4309-aa5e-306c2d4bc870", "fields": {"date_modified": "2023-06-16T20:00:38.280Z", "date_created": "2023-06-16T20:00:38.280Z", "name": "CreateBook", "description": "Create Book", "simple_name": "Create Book", "state": "5d9e5164-1141-4927-a283-baa12ac08383"}}, {"model": "base.transactiontype", "pk": "434a55d6-dff2-4f35-a21e-98be2c95bdc2", "fields": {"date_modified": "2023-06-16T19:57:19.561Z", "date_created": "2023-06-16T19:57:19.561Z", "name": "DeleteMember", "description": "Delete Member", "simple_name": "Delete Member", "state": "5d9e5164-1141-4927-a283-baa12ac08383"}}, {"model": "base.transactiontype", "pk": "5d2e7f34-4a0a-4a97-9baf-f9b30fb66180", "fields": {"date_modified": "2023-06-16T19:58:31.100Z", "date_created": "2023-06-16T19:58:31.100Z", "name": "DeleteBook", "description": "Delete Book", "simple_name": "Delete Book", "state": "5d9e5164-1141-4927-a283-baa12ac08383"}}, {"model": "base.transactiontype", "pk": "6120ea5e-70ab-43e3-8745-9f9eca52def5", "fields": {"date_modified": "2023-06-16T19:56:24.754Z", "date_created": "2023-06-16T19:56:24.754Z", "name": "CreateMember", "description": "Create Member details", "simple_name": "Create Member", "state": "5d9e5164-1141-4927-a283-baa12ac08383"}}, {"model": "base.transactiontype", "pk": "6941ebbe-8994-4f38-8239-b56064c23c84", "fields": {"date_modified": "2023-06-16T19:59:26.184Z", "date_created": "2023-06-16T19:59:26.184Z", "name": "CreateCategory", "description": "Create Category", "simple_name": "Create Category", "state": "5d9e5164-1141-4927-a283-baa12ac08383"}}, {"model": "base.transactiontype", "pk": "6c131fb9-93d7-4f58-b833-baf19a20dee7", "fields": {"date_modified": "2023-06-16T19:58:54.599Z", "date_created": "2023-06-16T19:58:54.599Z", "name": "DeleteCategory", "description": "Delete Category", "simple_name": "Delete Category", "state": "5d9e5164-1141-4927-a283-baa12ac08383"}}, {"model": "base.transactiontype", "pk": "8db4954e-74d8-4e5c-9249-e110527ab4ee", "fields": {"date_modified": "2023-06-16T19:56:52.720Z", "date_created": "2023-06-16T19:56:52.720Z", "name": "UpdateMember", "description": "Update Member", "simple_name": "Update Member", "state": "5d9e5164-1141-4927-a283-baa12ac08383"}}, {"model": "base.transactiontype", "pk": "94c649ef-a599-40b3-9f1e-8465c944df21", "fields": {"date_modified": "2023-06-16T11:33:40.036Z", "date_created": "2023-06-16T11:33:40.036Z", "name": "UpdateAuthor", "description": "Update Author details", "simple_name": "Update Author", "state": "5d9e5164-1141-4927-a283-baa12ac08383"}}, {"model": "base.transactiontype", "pk": "bfb7ef3c-1f10-4cce-9b18-5a42aeb061f2", "fields": {"date_modified": "2023-06-21T09:06:03.513Z", "date_created": "2023-06-21T09:06:03.513Z", "name": "BorrowBook", "description": "BorrowBook", "simple_name": "Borrow Book", "state": "5d9e5164-1141-4927-a283-baa12ac08383"}}, {"model": "base.transactiontype", "pk": "ca38c068-d4f7-4de2-a690-b4bc8d2ca8c2", "fields": {"date_modified": "2023-06-15T10:33:57.869Z", "date_created": "2023-06-15T10:29:08.963Z", "name": "CreateAuthor", "description": "Create Author", "simple_name": "Create Author", "state": "5d9e5164-1141-4927-a283-baa12ac08383"}}, {"model": "base.transactiontype", "pk": "cc19b57a-4d46-46c0-94dd-ded0ade90a96", "fields": {"date_modified": "2023-06-16T11:34:11.125Z", "date_created": "2023-06-16T11:34:11.125Z", "name": "DeleteAuthor", "description": "Delete Author  from the system", "simple_name": "Delete Author", "state": "5d9e5164-1141-4927-a283-baa12ac08383"}}, {"model": "base.transactiontype", "pk": "d31687fd-7cc2-4464-8fb4-7e394415cb5d", "fields": {"date_modified": "2023-06-16T19:59:45.843Z", "date_created": "2023-06-16T19:59:45.843Z", "name": "UpdateCategory", "description": "Update Category", "simple_name": "Update Category", "state": "5d9e5164-1141-4927-a283-baa12ac08383"}}, {"model": "base.transactiontype", "pk": "d53c6cc1-9bd3-458c-a237-414bf137dd7a", "fields": {"date_modified": "2023-06-21T09:06:38.135Z", "date_created": "2023-06-21T09:06:38.136Z", "name": "ReturnBook", "description": "ReturnBook", "simple_name": "Return Book", "state": "5d9e5164-1141-4927-a283-baa12ac08383"}}, {"model": "base.transactiontype", "pk": "ff224715-ad58-40d4-9c5e-8e72c9f304d5", "fields": {"date_modified": "2023-06-16T19:57:51.651Z", "date_created": "2023-06-16T19:57:51.651Z", "name": "ArchiveBook", "description": "Archive Book", "simple_name": "Archive Book", "state": "5d9e5164-1141-4927-a283-baa12ac08383"}}, {"model": "base.transaction", "pk": "022c1c2e-94e5-433e-b164-01135f2df448", "fields": {"date_modified": "2023-06-29T02:23:14.230Z", "date_created": "2023-06-29T02:23:13.426Z", "transaction_type": "8db4954e-74d8-4e5c-9249-e110527ab4ee", "request": "{'id': '9c568164-ef81-48c1-a88b-3fabcf7b72a7', 'first_name': 'James', 'last_name': 'stampombie', 'national_id': '33440012', 'mobile_no': '07027839943', 'gender': 'Male', 'membership_no': 'LB0001', 'state_name': 'Active'}", "response": null, "message": "Success", "user": "AnonymousUser", "source_ip": null, "response_code": null, "state": "62d200d0-afcf-4f40-bfcd-efcf9866a8cf"}}, {"model": "base.transaction", "pk": "03b652d9-2486-4d5a-a311-2df50fe74e5a", "fields": {"date_modified": "2023-06-15T10:51:34.922Z", "date_created": "2023-06-15T10:51:34.417Z", "transaction_type": "ca38c068-d4f7-4de2-a690-b4bc8d2ca8c2", "request": "{'first_name': 'John', 'last_name': 'Nyangweso', 'salutation': 'Mr', 'description': 'The best autor of the century'}", "response": null, "message": "Author created", "user": "AnonymousUser", "source_ip": null, "response_code": "100.000.000", "state": "62d200d0-afcf-4f40-bfcd-efcf9866a8cf"}}, {"model": "base.transaction", "pk": "048175c1-639e-44df-b9e3-0ba06dc87006", "fields": {"date_modified": "2023-06-15T11:19:23.112Z", "date_created": "2023-06-15T11:19:22.565Z", "transaction_type": "ca38c068-d4f7-4de2-a690-b4bc8d2ca8c2", "request": "{'first_name': 'John', 'last_name': 'Nyangweso', 'salutation': 'Mr', 'description': 'The best autor of the century'}", "response": null, "message": "Author created", "user": "AnonymousUser", "source_ip": null, "response_code": "100.000.000", "state": "62d200d0-afcf-4f40-bfcd-efcf9866a8cf"}}, {"model": "base.transaction", "pk": "04bcc167-dc7f-4ecc-853f-1de24c8f0698", "fields": {"date_modified": "2023-06-29T01:55:44.770Z", "date_created": "2023-06-29T01:55:44.487Z", "transaction_type": "434a55d6-dff2-4f35-a21e-98be2c95bdc2", "request": "{'id': '9c568164-ef81-48c1-a88b-3fabcf7b72a7', 'first_name': 'James', 'last_name': 'stampombie', 'national_id': '33440012', 'mobile_no': '07027839943', 'gender': 'F', 'membership_no': 'LB0001', 'state_name': 'Deleted', 'action': 'delete'}", "response": null, "message": "Member already deleted", "user": "AnonymousUser", "source_ip": null, "response_code": "100.000.001", "state": "dac3052b-8d4d-4543-9439-9ef53d7631f5"}}, {"model": "base.transaction", "pk": "04f761cd-8734-4254-845a-45a97a63bbed", "fields": {"date_modified": "2023-06-28T21:25:45.190Z", "date_created": "2023-06-28T21:25:44.353Z", "transaction_type": "8db4954e-74d8-4e5c-9249-e110527ab4ee", "request": "{'id': '9c568164-ef81-48c1-a88b-3fabcf7b72a7', 'first_name': 'James', 'last_name': 'stagb', 'national_id': '33440044', 'mobile_no': '07027839943', 'gender': 'F', 'membership_no': 'LB0001', 'state_name': 'Deleted'}", "response": null, "message": "Success", "user": "AnonymousUser", "source_ip": null, "response_code": null, "state": "62d200d0-afcf-4f40-bfcd-efcf9866a8cf"}}, {"model": "base.transaction", "pk": "0658d11f-a3b8-419e-b8a6-73d5aa417e2a", "fields": {"date_modified": "2023-06-28T23:11:04.158Z", "date_created": "2023-06-28T23:11:03.675Z", "transaction_type": "434a55d6-dff2-4f35-a21e-98be2c95bdc2", "request": "{'id': '024e0d65-3d34-41b0-b2c5-67cd9be97f4a', 'first_name': 'Daniel', 'last_name': 'Dans', 'national_id': '33440034', 'mobile_no': '070278399023', 'gender': 'F', 'membership_no': 'LB0002', 'state_name': 'Active'}", "response": null, "message": "Success", "user": "AnonymousUser", "source_ip": null, "response_code": null, "state": "62d200d0-afcf-4f40-bfcd-efcf9866a8cf"}}, {"model": "base.transaction", "pk": "07281b42-18d2-4d97-b794-e29b70a7a356", "fields": {"date_modified": "2023-06-29T02:12:45.970Z", "date_created": "2023-06-29T02:12:45.679Z", "transaction_type": "3de1260c-affd-4774-af92-1516da300886", "request": "{'id': '024e0d65-3d34-41b0-b2c5-67cd9be97f4a', 'first_name': 'Daniel', 'last_name': 'Dans', 'national_id': '33440034', 'mobile_no': '070278399023', 'gender': 'F', 'membership_no': 'LB0002', 'state_name': 'Deleted', 'action': 'disable'}", "response": null, "message": "Member already Disabled", "user": "AnonymousUser", "source_ip": null, "response_code": "100.000.003", "state": "dac3052b-8d4d-4543-9439-9ef53d7631f5"}}, {"model": "base.transaction", "pk": "07a1c70d-d4f4-47e4-96a2-bc032c1be49f", "fields": {"date_modified": "2023-06-30T06:12:55.996Z", "date_created": "2023-06-30T06:12:55.469Z", "transaction_type": "d31687fd-7cc2-4464-8fb4-7e394415cb5d", "request": "{'id': 'be2e0a17-6116-4979-be6c-c7a0748e60c8', 'date_modified': '2023-06-16T20:09:35.669Z', 'date_created': '2023-06-16T20:09:35.669Z', 'name': 'Fiction', 'description': 'Fiction genre books', 'state_id': '5d9e5164-1141-4927-a283-baa12ac08383', 'state_name': 'Active'}", "response": "ServiceBase.update() missing 1 required positional argument: 'pk'", "message": "Error during update category", "user": "AnonymousUser", "source_ip": null, "response_code": null, "state": "dac3052b-8d4d-4543-9439-9ef53d7631f5"}}, {"model": "base.transaction", "pk": "0905db02-bbd3-4809-8822-26b513e28d53", "fields": {"date_modified": "2023-06-28T22:09:31.041Z", "date_created": "2023-06-28T22:09:30.287Z", "transaction_type": "8db4954e-74d8-4e5c-9249-e110527ab4ee", "request": "{'id': '9c568164-ef81-48c1-a88b-3fabcf7b72a7', 'first_name': 'James', 'last_name': 'stampombie', 'national_id': '33440012', 'mobile_no': '07027839943', 'gender': 'F', 'membership_no': 'LB0001', 'state_name': 'Deleted'}", "response": null, "message": "Success", "user": "AnonymousUser", "source_ip": null, "response_code": null, "state": "62d200d0-afcf-4f40-bfcd-efcf9866a8cf"}}, {"model": "base.transaction", "pk": "0a5ed664-0333-40e3-905d-135ac03cb8a6", "fields": {"date_modified": "2023-06-30T11:23:28.979Z", "date_created": "2023-06-30T11:23:28.577Z", "transaction_type": "0166c499-5cb9-43e0-884e-f944a1cd1e67", "request": "{'id': '5ee69252-efa6-4e21-9e47-9f9a93546113', 'date_modified': '2023-06-21T09:28:33.740Z', 'date_created': '2023-06-16T20:14:48.319Z', 'title': 'The sun goes down', 'published_date': '2023-12-02', 'edition': '2nd edition', 'isbn': '3564758hfj', 'book_image': None, 'author_id': '9284b71f-4862-4f65-b6ba-4cde3524901b', 'no_of_books': 51, 'no_of_reserve_books': 3, 'category_id': 'be2e0a17-6116-4979-be6c-c7a0748e60c8', 'status_id': '5d9e5164-1141-4927-a283-baa12ac08383', 'status_name': 'Active', 'category_name': 'Fiction', 'author_name': 'Mrs Johnson Nyangweso', 'author': '9284b71f-4862-4f65-b6ba-4cde3524901b', 'category': 'be2e0a17-6116-4979-be6c-c7a0748e60c8'}", "response": null, "message": "Failed to update the book record", "user": "AnonymousUser", "source_ip": null, "response_code": "300.003.003", "state": "dac3052b-8d4d-4543-9439-9ef53d7631f5"}}, {"model": "base.transaction", "pk": "0d31c8d0-416b-460d-a5a7-82f0a709750d", "fields": {"date_modified": "2023-06-30T11:03:08.141Z", "date_created": "2023-06-30T11:03:06.983Z", "transaction_type": "417832ef-84c4-4309-aa5e-306c2d4bc870", "request": "{'isbn': '25353674889443', 'author': '9284b71f-4862-4f65-b6ba-4cde3524901b', 'title': 'The sun will rise again', 'category': 'be2e0a17-6116-4979-be6c-c7a0748e60c8', 'edition': '1st edition', 'published_date': '2021-06-30', 'no_of_books': '12'}", "response": null, "message": null, "user": "AnonymousUser", "source_ip": null, "response_code": "100.000.000Success", "state": "62d200d0-afcf-4f40-bfcd-efcf9866a8cf"}}, {"model": "base.transaction", "pk": "10a928fc-0e25-45ec-ba7f-f6a4681797e8", "fields": {"date_modified": "2023-06-29T02:25:22.964Z", "date_created": "2023-06-29T02:25:21.222Z", "transaction_type": "434a55d6-dff2-4f35-a21e-98be2c95bdc2", "request": "{'id': '9c568164-ef81-48c1-a88b-3fabcf7b72a7', 'first_name': 'James', 'last_name': 'stampombie', 'national_id': '33440012', 'mobile_no': '07027839943', 'gender': 'Male', 'membership_no': 'LB0001', 'state_name': 'Active', 'action': 'delete'}", "response": null, "message": "Delete member Successfully", "user": "AnonymousUser", "source_ip": null, "response_code": null, "state": "62d200d0-afcf-4f40-bfcd-efcf9866a8cf"}}, {"model": "base.transaction", "pk": "11b922fe-e5ec-4b68-9c66-45dc5fcabc20", "fields": {"date_modified": "2023-06-15T10:53:41.724Z", "date_created": "2023-06-15T10:53:41.000Z", "transaction_type": "ca38c068-d4f7-4de2-a690-b4bc8d2ca8c2", "request": "{'first_name': 'John', 'last_name': 'Nyangweso', 'salutation': 'Mr', 'description': 'The best autor of the century'}", "response": "Object of type Author is not JSON serializable", "message": "Error occurred in add Author", "user": "AnonymousUser", "source_ip": null, "response_code": "999.999.999", "state": "dac3052b-8d4d-4543-9439-9ef53d7631f5"}}, {"model": "base.transaction", "pk": "13f40b68-a82e-4cbb-aaf5-24ba19410a78", "fields": {"date_modified": "2023-06-15T11:02:32.952Z", "date_created": "2023-06-15T11:02:32.307Z", "transaction_type": "ca38c068-d4f7-4de2-a690-b4bc8d2ca8c2", "request": "{'first_name': 'John', 'last_name': 'Nyangweso', 'salutation': 'Mr', 'description': 'The best autor of the century'}", "response": "'Author' object is not iterable", "message": "Error occurred in add Author", "user": "AnonymousUser", "source_ip": null, "response_code": "999.999.999", "state": "dac3052b-8d4d-4543-9439-9ef53d7631f5"}}, {"model": "base.transaction", "pk": "1a8eb159-9cab-4963-99f5-eb89055f7e7f", "fields": {"date_modified": "2023-06-30T06:11:21.794Z", "date_created": "2023-06-30T06:11:21.508Z", "transaction_type": "d31687fd-7cc2-4464-8fb4-7e394415cb5d", "request": "{'id': 'be2e0a17-6116-4979-be6c-c7a0748e60c8', 'date_modified': '2023-06-16T20:09:35.669Z', 'date_created': '2023-06-16T20:09:35.669Z', 'name': 'Fiction', 'description': 'Fiction genre books', 'state_id': '5d9e5164-1141-4927-a283-baa12ac08383', 'state_name': 'Active'}", "response": "'category_id'", "message": "Error during update category", "user": "AnonymousUser", "source_ip": null, "response_code": null, "state": "dac3052b-8d4d-4543-9439-9ef53d7631f5"}}, {"model": "base.transaction", "pk": "1cc1bb1e-a92f-41dc-b1dc-84b674a0bceb", "fields": {"date_modified": "2023-06-30T12:41:15.738Z", "date_created": "2023-06-30T12:41:14.750Z", "transaction_type": "5d2e7f34-4a0a-4a97-9baf-f9b30fb66180", "request": "{'id': '5ee69252-efa6-4e21-9e47-9f9a93546113'}", "response": null, "message": "Success", "user": "AnonymousUser", "source_ip": null, "response_code": null, "state": "62d200d0-afcf-4f40-bfcd-efcf9866a8cf"}}, {"model": "base.transaction", "pk": "22dba760-128f-4fd9-ab12-443ef9186765", "fields": {"date_modified": "2023-06-21T09:11:40.378Z", "date_created": "2023-06-21T09:11:40.153Z", "transaction_type": "bfb7ef3c-1f10-4cce-9b18-5a42aeb061f2", "request": "{'member_id': '9c568164-ef81-48c1-a88b-3fabcf7b72a7', 'book_id': '5ee69252-efa6-4e21-9e47-9f9a93546113', 'borrow_duration': 13}", "response": "'NoneType' object has no attribute 'max_borrow_fee_limit'", "message": "Failed to borrower the book", "user": "AnonymousUser", "source_ip": null, "response_code": null, "state": "dac3052b-8d4d-4543-9439-9ef53d7631f5"}}, {"model": "base.transaction", "pk": "2317664b-74f9-492a-88cc-fe4a7c6f7aa0", "fields": {"date_modified": "2023-06-29T21:05:29.849Z", "date_created": "2023-06-29T21:05:28.539Z", "transaction_type": "ca38c068-d4f7-4de2-a690-b4bc8d2ca8c2", "request": "{'salutation': 'Mrs', 'firstName': 'Mike', 'lastName': 'Andrew', 'description': 'Melbourne, Australia'}", "response": "'first_name'", "message": "Error occurred in add Author", "user": "AnonymousUser", "source_ip": null, "response_code": "999.999.999", "state": "dac3052b-8d4d-4543-9439-9ef53d7631f5"}}, {"model": "base.transaction", "pk": "23df732d-27b7-47b4-8ca3-c159d1173bce", "fields": {"date_modified": "2023-06-15T10:43:40.362Z", "date_created": "2023-06-15T10:43:39.862Z", "transaction_type": "ca38c068-d4f7-4de2-a690-b4bc8d2ca8c2", "request": "{'first_name': 'John', 'last_name': 'Nyangweso', 'salutation': 'Mr', 'description': 'The best autor of the century'}", "response": null, "message": "Author created", "user": "AnonymousUser", "source_ip": null, "response_code": "100.000.000", "state": "62d200d0-afcf-4f40-bfcd-efcf9866a8cf"}}, {"model": "base.transaction", "pk": "2629519a-35ae-4b11-9412-8e5b799f884e", "fields": {"date_modified": "2023-06-15T11:25:02.415Z", "date_created": "2023-06-15T11:25:01.821Z", "transaction_type": "ca38c068-d4f7-4de2-a690-b4bc8d2ca8c2", "request": "{'first_name': 'John', 'last_name': 'Nyangweso', 'salutation': 'Mr', 'description': 'The best autor of the century'}", "response": null, "message": "Author created", "user": "AnonymousUser", "source_ip": null, "response_code": "100.000.000", "state": "62d200d0-afcf-4f40-bfcd-efcf9866a8cf"}}, {"model": "base.transaction", "pk": "27cd8bcb-9188-4fd2-bcc3-2c842a2a39ab", "fields": {"date_modified": "2023-06-29T21:07:59.571Z", "date_created": "2023-06-29T21:07:50.098Z", "transaction_type": "ca38c068-d4f7-4de2-a690-b4bc8d2ca8c2", "request": "{'salutation': 'Mrs', 'firstName': 'Mike', 'lastName': 'Andrew', 'description': 'Melbourne, Australia'}", "response": "'first_name'", "message": "Error occurred in add Author", "user": "AnonymousUser", "source_ip": null, "response_code": "999.999.999", "state": "dac3052b-8d4d-4543-9439-9ef53d7631f5"}}, {"model": "base.transaction", "pk": "28df8045-a105-4b56-9eec-9de12e14b1e4", "fields": {"date_modified": "2023-06-15T11:20:54.067Z", "date_created": "2023-06-15T11:20:53.316Z", "transaction_type": "ca38c068-d4f7-4de2-a690-b4bc8d2ca8c2", "request": "{'first_name': 'John', 'last_name': 'Nyangweso', 'salutation': 'Mr', 'description': 'The best autor of the century'}", "response": "'Author' object is not iterable", "message": "Error occurred in add Author", "user": "AnonymousUser", "source_ip": null, "response_code": "999.999.999", "state": "dac3052b-8d4d-4543-9439-9ef53d7631f5"}}, {"model": "base.transaction", "pk": "2a3aa344-43f3-4fd9-8147-40e98d31ac85", "fields": {"date_modified": "2023-06-30T19:33:00.793Z", "date_created": "2023-06-30T19:32:59.878Z", "transaction_type": "d53c6cc1-9bd3-458c-a237-414bf137dd7a", "request": "{'member_id': '024e0d65-3d34-41b0-b2c5-67cd9be97f4a', 'book_id': '5ee69252-efa6-4e21-9e47-9f9a93546113'}", "response": null, "message": "Failed to issued book ", "user": "AnonymousUser", "source_ip": null, "response_code": "300.003.003", "state": "dac3052b-8d4d-4543-9439-9ef53d7631f5"}}, {"model": "base.transaction", "pk": "2b0b0729-d944-40a0-93e3-c1200017d8e4", "fields": {"date_modified": "2023-06-28T23:47:42.436Z", "date_created": "2023-06-28T23:47:41.262Z", "transaction_type": "434a55d6-dff2-4f35-a21e-98be2c95bdc2", "request": "{'id': '9c568164-ef81-48c1-a88b-3fabcf7b72a7', 'first_name': 'James', 'last_name': 'stampombie', 'national_id': '33440012', 'mobile_no': '07027839943', 'gender': 'F', 'membership_no': 'LB0001', 'state_name': 'Deleted'}", "response": null, "message": "Success", "user": "AnonymousUser", "source_ip": null, "response_code": null, "state": "62d200d0-afcf-4f40-bfcd-efcf9866a8cf"}}, {"model": "base.transaction", "pk": "2d8d1528-4dc5-40b9-90ec-a9f62ce27659", "fields": {"date_modified": "2023-06-30T06:12:20.563Z", "date_created": "2023-06-30T06:12:19.730Z", "transaction_type": "d31687fd-7cc2-4464-8fb4-7e394415cb5d", "request": "{'id': 'be2e0a17-6116-4979-be6c-c7a0748e60c8', 'date_modified': '2023-06-16T20:09:35.669Z', 'date_created': '2023-06-16T20:09:35.669Z', 'name': 'Fiction', 'description': 'Fiction genre books', 'state_id': '5d9e5164-1141-4927-a283-baa12ac08383', 'state_name': 'Active'}", "response": "ServiceBase.update() missing 1 required positional argument: 'pk'", "message": "Error during update category", "user": "AnonymousUser", "source_ip": null, "response_code": null, "state": "dac3052b-8d4d-4543-9439-9ef53d7631f5"}}, {"model": "base.transaction", "pk": "2e291d50-be81-4008-bb1f-4db56d1fe7b0", "fields": {"date_modified": "2023-06-28T22:20:14.270Z", "date_created": "2023-06-28T22:20:13.783Z", "transaction_type": "8db4954e-74d8-4e5c-9249-e110527ab4ee", "request": "{'id': '9c568164-ef81-48c1-a88b-3fabcf7b72a7', 'first_name': 'James', 'last_name': 'stampombie', 'national_id': '33440012', 'mobile_no': '07027839943', 'gender': 'F', 'membership_no': 'LB0001', 'state_name': 'Deleted'}", "response": null, "message": "Success", "user": "AnonymousUser", "source_ip": null, "response_code": null, "state": "62d200d0-afcf-4f40-bfcd-efcf9866a8cf"}}, {"model": "base.transaction", "pk": "2e892f9c-b513-498c-99de-b213395cc23a", "fields": {"date_modified": "2023-06-15T11:23:26.103Z", "date_created": "2023-06-15T11:23:25.501Z", "transaction_type": "ca38c068-d4f7-4de2-a690-b4bc8d2ca8c2", "request": "{'first_name': 'John', 'last_name': 'Nyangweso', 'salutation': 'Mr', 'description': 'The best autor of the century'}", "response": null, "message": "Author created", "user": "AnonymousUser", "source_ip": null, "response_code": "100.000.000", "state": "62d200d0-afcf-4f40-bfcd-efcf9866a8cf"}}, {"model": "base.transaction", "pk": "3184e78e-b225-4f8e-9bd2-474d7c0792f0", "fields": {"date_modified": "2023-06-28T22:22:06.437Z", "date_created": "2023-06-28T22:22:05.908Z", "transaction_type": "8db4954e-74d8-4e5c-9249-e110527ab4ee", "request": "{'id': '9c568164-ef81-48c1-a88b-3fabcf7b72a7', 'first_name': 'James', 'last_name': 'stampombie', 'national_id': '33440012', 'mobile_no': '07027839943', 'gender': 'F', 'membership_no': 'LB0001', 'state_name': 'Deleted'}", "response": null, "message": "Success", "user": "AnonymousUser", "source_ip": null, "response_code": null, "state": "62d200d0-afcf-4f40-bfcd-efcf9866a8cf"}}, {"model": "base.transaction", "pk": "31b5ab10-4ea5-4743-bc86-d37fd49c3f7e", "fields": {"date_modified": "2023-06-30T07:37:51.710Z", "date_created": "2023-06-30T07:37:51.168Z", "transaction_type": "d31687fd-7cc2-4464-8fb4-7e394415cb5d", "request": "{'id': '22ce534e-bbab-4a6e-b3fb-fb119a4c1761', 'date_modified': '2023-06-30T07:36:57.774Z', 'date_created': '2023-06-30T07:36:57.774Z', 'name': 'Journals ', 'description': 'Recognized publications from corporate of renowned background in a given field', 'state_id': '5d9e5164-1141-4927-a283-baa12ac08383', 'state_name': 'Active'}", "response": null, "message": "Success", "user": "AnonymousUser", "source_ip": null, "response_code": "100.000.00", "state": "62d200d0-afcf-4f40-bfcd-efcf9866a8cf"}}, {"model": "base.transaction", "pk": "32ce58c8-9bbd-47df-a163-e30f75ee7eb9", "fields": {"date_modified": "2023-06-16T11:48:41.359Z", "date_created": "2023-06-16T11:48:40.288Z", "transaction_type": "94c649ef-a599-40b3-9f1e-8465c944df21", "request": "{'author_id': '9284b71f-4862-4f65-b6ba-4cde3524901b', 'salutation': 'Mrs', 'first_name': 'Johnson', 'description': 'The best autor of the 21 century'}", "response": null, "message": "Success", "user": "AnonymousUser", "source_ip": null, "response_code": "100.000.000", "state": "62d200d0-afcf-4f40-bfcd-efcf9866a8cf"}}, {"model": "base.transaction", "pk": "34da9a72-3fd0-48fa-b62d-8d716ac5d5b0", "fields": {"date_modified": "2023-06-29T01:57:45.061Z", "date_created": "2023-06-29T01:57:44.783Z", "transaction_type": "434a55d6-dff2-4f35-a21e-98be2c95bdc2", "request": "{'id': '9c568164-ef81-48c1-a88b-3fabcf7b72a7', 'first_name': 'James', 'last_name': 'stampombie', 'national_id': '33440012', 'mobile_no': '07027839943', 'gender': 'F', 'membership_no': 'LB0001', 'state_name': 'Deleted', 'action': 'delete'}", "response": null, "message": "Member already deleted", "user": "AnonymousUser", "source_ip": null, "response_code": "100.000.001", "state": "dac3052b-8d4d-4543-9439-9ef53d7631f5"}}, {"model": "base.transaction", "pk": "35135fad-afe4-4689-ad9a-d7736752bc91", "fields": {"date_modified": "2023-06-29T02:13:08.024Z", "date_created": "2023-06-29T02:13:07.494Z", "transaction_type": "3de1260c-affd-4774-af92-1516da300886", "request": "{'id': '88eeb1b7-4aed-4a59-90ef-1b8a4f9c1da7', 'first_name': 'Stanley', 'last_name': 'Emali', 'national_id': '33185511', 'mobile_no': '0702707831', 'gender': 'Male', 'membership_no': 'LB0003', 'state_name': 'Active', 'action': 'disable'}", "response": null, "message": "Disable member Successfully", "user": "AnonymousUser", "source_ip": null, "response_code": null, "state": "62d200d0-afcf-4f40-bfcd-efcf9866a8cf"}}, {"model": "base.transaction", "pk": "35ab9423-7d32-44b8-939f-c2000872feb6", "fields": {"date_modified": "2023-06-28T21:28:21.615Z", "date_created": "2023-06-28T21:28:20.559Z", "transaction_type": "8db4954e-74d8-4e5c-9249-e110527ab4ee", "request": "{'id': '9c568164-ef81-48c1-a88b-3fabcf7b72a7', 'first_name': 'James', 'last_name': 'stampombie', 'national_id': '33440044', 'mobile_no': '07027839943', 'gender': 'F', 'membership_no': 'LB0001', 'state_name': 'Deleted'}", "response": null, "message": "Success", "user": "AnonymousUser", "source_ip": null, "response_code": null, "state": "62d200d0-afcf-4f40-bfcd-efcf9866a8cf"}}, {"model": "base.transaction", "pk": "365eedc9-b4ac-434a-8d44-56e116568eb4", "fields": {"date_modified": "2023-06-15T11:28:10.227Z", "date_created": "2023-06-15T11:28:09.905Z", "transaction_type": "ca38c068-d4f7-4de2-a690-b4bc8d2ca8c2", "request": "{'author_id': '1970e6f4-cb6a-449a-863b-f2224695800e'}", "response": "'first_name'", "message": "Error occurred in add Author", "user": "AnonymousUser", "source_ip": null, "response_code": "999.999.999", "state": "dac3052b-8d4d-4543-9439-9ef53d7631f5"}}, {"model": "base.transaction", "pk": "399bfc6d-0255-4d52-a592-db804d28498c", "fields": {"date_modified": "2023-06-29T02:18:03.660Z", "date_created": "2023-06-29T02:18:03.158Z", "transaction_type": "8db4954e-74d8-4e5c-9249-e110527ab4ee", "request": "{'id': '9c568164-ef81-48c1-a88b-3fabcf7b72a7', 'first_name': 'James', 'last_name': 'stampombie', 'national_id': '33440012', 'mobile_no': '07027839943', 'gender': 'Female', 'membership_no': 'LB0001', 'state_name': 'Active'}", "response": null, "message": "Success", "user": "AnonymousUser", "source_ip": null, "response_code": null, "state": "62d200d0-afcf-4f40-bfcd-efcf9866a8cf"}}, {"model": "base.transaction", "pk": "3b307a28-3d19-47a9-a631-06d093328d73", "fields": {"date_modified": "2023-06-16T11:35:00.148Z", "date_created": "2023-06-16T11:34:59.816Z", "transaction_type": "94c649ef-a599-40b3-9f1e-8465c944df21", "request": "{'author_id': '9284b71f-4862-4f65-b6ba-4cde3524901', 'salutation': 'Mrs', 'first_name': 'Johnson', 'description': 'The best autor of the 21 century'}", "response": null, "message": "Invalid author identifier", "user": "AnonymousUser", "source_ip": null, "response_code": "300.001.004", "state": "dac3052b-8d4d-4543-9439-9ef53d7631f5"}}, {"model": "base.transaction", "pk": "3c28465c-f6cd-4ca1-9892-8f04a4c9e45d", "fields": {"date_modified": "2023-06-16T20:14:48.763Z", "date_created": "2023-06-16T20:14:48.045Z", "transaction_type": "417832ef-84c4-4309-aa5e-306c2d4bc870", "request": "{'author': '9284b71f-4862-4f65-b6ba-4cde3524901b', 'category': 'be2e0a17-6116-4979-be6c-c7a0748e60c8', 'title': 'the sun goes down', 'ISBN': '3564758hfj', 'edition': '2nd edition', 'published_date': '2023-12-02'}", "response": null, "message": null, "user": "AnonymousUser", "source_ip": null, "response_code": "100.000.000Success", "state": "62d200d0-afcf-4f40-bfcd-efcf9866a8cf"}}, {"model": "base.transaction", "pk": "4879c261-d4c9-43b0-8046-0acb38bc37c5", "fields": {"date_modified": "2023-06-30T19:12:31.660Z", "date_created": "2023-06-30T19:12:30.676Z", "transaction_type": "bfb7ef3c-1f10-4cce-9b18-5a42aeb061f2", "request": "{'book_id': '8cbb7be6-e23c-49ef-b103-eb6194cf526a', 'member_id': '88eeb1b7-4aed-4a59-90ef-1b8a4f9c1da7', 'borrow_duration': '10'}", "response": null, "message": "Failed to issued book ", "user": "AnonymousUser", "source_ip": null, "response_code": "300.003.003", "state": "dac3052b-8d4d-4543-9439-9ef53d7631f5"}}, {"model": "base.transaction", "pk": "4944b04e-a017-4204-8c13-4b6403cf7e7a", "fields": {"date_modified": "2023-06-21T09:28:34.229Z", "date_created": "2023-06-21T09:28:33.528Z", "transaction_type": "d53c6cc1-9bd3-458c-a237-414bf137dd7a", "request": "{'member_id': '9c568164-ef81-48c1-a88b-3fabcf7b72a7', 'book_id': '5ee69252-efa6-4e21-9e47-9f9a93546113', 'borrow_duration': 13}", "response": null, "message": "Success", "user": "AnonymousUser", "source_ip": null, "response_code": null, "state": "62d200d0-afcf-4f40-bfcd-efcf9866a8cf"}}, {"model": "base.transaction", "pk": "495058bd-e360-446d-893f-9c7bcbdd7ac1", "fields": {"date_modified": "2023-06-28T22:30:45.221Z", "date_created": "2023-06-28T22:30:41.376Z", "transaction_type": "8db4954e-74d8-4e5c-9249-e110527ab4ee", "request": "{'id': '9c568164-ef81-48c1-a88b-3fabcf7b72a7', 'first_name': 'James', 'last_name': 'stampombie', 'national_id': '33440012', 'mobile_no': '07027839943', 'gender': 'F', 'membership_no': 'LB0001', 'state_name': 'Deleted'}", "response": null, "message": "Success", "user": "AnonymousUser", "source_ip": null, "response_code": null, "state": "62d200d0-afcf-4f40-bfcd-efcf9866a8cf"}}, {"model": "base.transaction", "pk": "49ea0b31-d9d7-40f9-bc12-f1ccc77fbd84", "fields": {"date_modified": "2023-06-29T21:24:07.238Z", "date_created": "2023-06-29T21:24:07.238Z", "transaction_type": "94c649ef-a599-40b3-9f1e-8465c944df21", "request": "{'id': '9284b71f-4862-4f65-b6ba-4cde3524901b', 'date_modified': '2023-06-16T11:58:42.164Z', 'date_created': '2023-06-15T11:32:10.507Z', 'salutation': 'Mrs', 'first_name': 'Johnson', 'last_name': 'Nyangweso', 'description': 'The best author of the 21 century to the 23rd century', 'state_id': '136f927f-4429-4396-ac22-29a4357c60b0', 'state_name': 'Deleted'}", "response": null, "message": null, "user": "AnonymousUser", "source_ip": null, "response_code": null, "state": "5d9e5164-1141-4927-a283-baa12ac08383"}}, {"model": "base.transaction", "pk": "4a012051-aa73-4737-85c1-e27424318ecf", "fields": {"date_modified": "2023-06-28T22:32:59.193Z", "date_created": "2023-06-28T22:32:56.849Z", "transaction_type": "8db4954e-74d8-4e5c-9249-e110527ab4ee", "request": "{'id': '9c568164-ef81-48c1-a88b-3fabcf7b72a7', 'first_name': 'James', 'last_name': 'stampombie', 'national_id': '33440012', 'mobile_no': '07027839943', 'gender': 'F', 'membership_no': 'LB0001', 'state_name': 'Deleted'}", "response": null, "message": "Success", "user": "AnonymousUser", "source_ip": null, "response_code": null, "state": "62d200d0-afcf-4f40-bfcd-efcf9866a8cf"}}, {"model": "base.transaction", "pk": "4a21eb6a-1d37-4991-8d72-49097d643537", "fields": {"date_modified": "2023-06-16T20:24:48.680Z", "date_created": "2023-06-16T20:24:48.397Z", "transaction_type": "0166c499-5cb9-43e0-884e-f944a1cd1e67", "request": "{'book_id': '5ee69252-efa6-4e21-9e47-9f9a93546113', 'title': 'The sun goes down'}", "response": "'book_id'", "message": "Error Occurred during update book record", "user": "AnonymousUser", "source_ip": null, "response_code": "999.999.999", "state": "dac3052b-8d4d-4543-9439-9ef53d7631f5"}}, {"model": "base.transaction", "pk": "4f9600ba-9f85-4921-baed-ad7817d52a8a", "fields": {"date_modified": "2023-06-29T21:31:50.535Z", "date_created": "2023-06-29T21:31:50.080Z", "transaction_type": "cc19b57a-4d46-46c0-94dd-ded0ade90a96", "request": "{'id': 'a9dc04d8-f06d-4fbf-9a5e-86726f0602d0', 'date_modified': '2023-06-29T21:28:07.735Z', 'date_created': '2023-06-29T21:09:08.794Z', 'salutation': 'Prof.', 'first_name': 'Mike', 'last_name': 'Andrew', 'description': 'Melbourne, Australia', 'state_id': '5d9e5164-1141-4927-a283-baa12ac08383', 'state_name': 'Active'}", "response": null, "message": "Success", "user": "AnonymousUser", "source_ip": null, "response_code": "100.000.000", "state": "62d200d0-afcf-4f40-bfcd-efcf9866a8cf"}}, {"model": "base.transaction", "pk": "51cb11ae-ec1a-4cd8-98b7-17099681f032", "fields": {"date_modified": "2023-06-15T11:21:18.846Z", "date_created": "2023-06-15T11:21:18.028Z", "transaction_type": "ca38c068-d4f7-4de2-a690-b4bc8d2ca8c2", "request": "{'first_name': 'John', 'last_name': 'Nyangweso', 'salutation': 'Mr', 'description': 'The best autor of the century'}", "response": "'Author' object is not iterable", "message": "Error occurred in add Author", "user": "AnonymousUser", "source_ip": null, "response_code": "999.999.999", "state": "dac3052b-8d4d-4543-9439-9ef53d7631f5"}}, {"model": "base.transaction", "pk": "52fe5c3b-a8d1-4d89-926e-c704aac84321", "fields": {"date_modified": "2023-06-30T12:42:17.660Z", "date_created": "2023-06-30T12:42:11.079Z", "transaction_type": "5d2e7f34-4a0a-4a97-9baf-f9b30fb66180", "request": "{'id': '8cbb7be6-e23c-49ef-b103-eb6194cf526a'}", "response": null, "message": "Success", "user": "AnonymousUser", "source_ip": null, "response_code": null, "state": "62d200d0-afcf-4f40-bfcd-efcf9866a8cf"}}, {"model": "base.transaction", "pk": "530b0b34-066f-4f10-8211-4e332bcb6d24", "fields": {"date_modified": "2023-06-15T11:12:42.002Z", "date_created": "2023-06-15T11:12:40.150Z", "transaction_type": "ca38c068-d4f7-4de2-a690-b4bc8d2ca8c2", "request": "{'first_name': 'John', 'last_name': 'Nyangweso', 'salutation': 'Mr', 'description': 'The best autor of the century'}", "response": "'list' object has no attribute 'get'", "message": "Error occurred in add Author", "user": "AnonymousUser", "source_ip": null, "response_code": "999.999.999", "state": "dac3052b-8d4d-4543-9439-9ef53d7631f5"}}, {"model": "base.transaction", "pk": "54ccc285-4c05-4890-87ed-9cbfb4fccc6b", "fields": {"date_modified": "2023-06-16T11:39:31.975Z", "date_created": "2023-06-16T11:39:31.497Z", "transaction_type": "94c649ef-a599-40b3-9f1e-8465c944df21", "request": "{'author_id': '9284b71f-4862-4f65-b6ba-4cde3524901b', 'salutation': 'Mrs', 'first_name': 'Johnson', 'description': 'The best autor of the 21 century'}", "response": null, "message": "Success", "user": "AnonymousUser", "source_ip": null, "response_code": "100.000.000", "state": "62d200d0-afcf-4f40-bfcd-efcf9866a8cf"}}, {"model": "base.transaction", "pk": "5ff55235-7ab5-4457-bfcd-66a0068eac3d", "fields": {"date_modified": "2023-06-30T19:15:56.380Z", "date_created": "2023-06-30T19:15:55.257Z", "transaction_type": "bfb7ef3c-1f10-4cce-9b18-5a42aeb061f2", "request": "{'book_id': '8cbb7be6-e23c-49ef-b103-eb6194cf526a', 'member_id': '88eeb1b7-4aed-4a59-90ef-1b8a4f9c1da7', 'borrow_duration': '10'}", "response": null, "message": "Success", "user": "AnonymousUser", "source_ip": null, "response_code": null, "state": "62d200d0-afcf-4f40-bfcd-efcf9866a8cf"}}, {"model": "base.transaction", "pk": "609bde86-032f-44a1-afa6-b2ec6ab4a95c", "fields": {"date_modified": "2023-06-15T11:13:27.327Z", "date_created": "2023-06-15T11:13:26.604Z", "transaction_type": "ca38c068-d4f7-4de2-a690-b4bc8d2ca8c2", "request": "{'first_name': 'John', 'last_name': 'Nyangweso', 'salutation': 'Mr', 'description': 'The best autor of the century'}", "response": "'str' object has no attribute 'read'", "message": "Error occurred in add Author", "user": "AnonymousUser", "source_ip": null, "response_code": "999.999.999", "state": "dac3052b-8d4d-4543-9439-9ef53d7631f5"}}, {"model": "base.transaction", "pk": "683ba54f-bb45-4bf4-b6fd-82c4f3676dcb", "fields": {"date_modified": "2023-06-21T09:25:02.549Z", "date_created": "2023-06-21T09:25:01.866Z", "transaction_type": "d53c6cc1-9bd3-458c-a237-414bf137dd7a", "request": "{'member_id': '9c568164-ef81-48c1-a88b-3fabcf7b72a7', 'book_id': '5ee69252-efa6-4e21-9e47-9f9a93546113', 'borrow_duration': 13}", "response": null, "message": "Success", "user": "AnonymousUser", "source_ip": null, "response_code": null, "state": "62d200d0-afcf-4f40-bfcd-efcf9866a8cf"}}, {"model": "base.transaction", "pk": "684aecb8-7351-426c-90f6-d8a132b7dfbe", "fields": {"date_modified": "2023-06-15T11:06:55.270Z", "date_created": "2023-06-15T11:06:54.546Z", "transaction_type": "ca38c068-d4f7-4de2-a690-b4bc8d2ca8c2", "request": "{'first_name': 'John', 'last_name': 'Nyangweso', 'salutation': 'Mr', 'description': 'The best autor of the century'}", "response": "'Author' object is not iterable", "message": "Error occurred in add Author", "user": "AnonymousUser", "source_ip": null, "response_code": "999.999.999", "state": "dac3052b-8d4d-4543-9439-9ef53d7631f5"}}, {"model": "base.transaction", "pk": "6b43fae6-2554-47e8-813c-e9b6b8f316c3", "fields": {"date_modified": "2023-06-28T22:08:59.885Z", "date_created": "2023-06-28T22:08:58.756Z", "transaction_type": "8db4954e-74d8-4e5c-9249-e110527ab4ee", "request": "{'id': '9c568164-ef81-48c1-a88b-3fabcf7b72a7', 'first_name': 'James', 'last_name': 'stampombie', 'national_id': '33440012', 'mobile_no': '07027839943', 'gender': 'F', 'membership_no': 'LB0001', 'state_name': 'Deleted'}", "response": null, "message": "Success", "user": "AnonymousUser", "source_ip": null, "response_code": null, "state": "62d200d0-afcf-4f40-bfcd-efcf9866a8cf"}}, {"model": "base.transaction", "pk": "6eefce90-da56-4a61-8f8d-e3498c6c8459", "fields": {"date_modified": "2023-06-29T02:15:48.481Z", "date_created": "2023-06-29T02:15:47.954Z", "transaction_type": "3de1260c-affd-4774-af92-1516da300886", "request": "{'id': '88eeb1b7-4aed-4a59-90ef-1b8a4f9c1da7', 'first_name': 'Stanley', 'last_name': 'Emali', 'national_id': '33185511', 'mobile_no': '0702707831', 'gender': 'Male', 'membership_no': 'LB0003', 'state_name': 'Active', 'action': 'disable'}", "response": null, "message": "Disable member Successfully", "user": "AnonymousUser", "source_ip": null, "response_code": null, "state": "62d200d0-afcf-4f40-bfcd-efcf9866a8cf"}}, {"model": "base.transaction", "pk": "70eefb3f-ebcb-4d4f-ae5f-6fa2487a8fb5", "fields": {"date_modified": "2023-06-29T21:25:33.596Z", "date_created": "2023-06-29T21:25:32.839Z", "transaction_type": "94c649ef-a599-40b3-9f1e-8465c944df21", "request": "{'id': '9284b71f-4862-4f65-b6ba-4cde3524901b', 'date_modified': '2023-06-16T11:58:42.164Z', 'date_created': '2023-06-15T11:32:10.507Z', 'salutation': 'Mrs', 'first_name': 'Johnson', 'last_name': 'Nyangweso', 'description': 'The best author of the 21 century to the 23rd century', 'state_id': '136f927f-4429-4396-ac22-29a4357c60b0', 'state_name': 'Deleted'}", "response": null, "message": "Success", "user": "AnonymousUser", "source_ip": null, "response_code": "100.000.000", "state": "62d200d0-afcf-4f40-bfcd-efcf9866a8cf"}}, {"model": "base.transaction", "pk": "71079ba8-302b-4a9e-ba85-04abeff89517", "fields": {"date_modified": "2023-06-30T12:50:00.020Z", "date_created": "2023-06-30T12:49:59.424Z", "transaction_type": "5d2e7f34-4a0a-4a97-9baf-f9b30fb66180", "request": "{'id': '5ee69252-efa6-4e21-9e47-9f9a93546113'}", "response": null, "message": "Success", "user": "AnonymousUser", "source_ip": null, "response_code": null, "state": "62d200d0-afcf-4f40-bfcd-efcf9866a8cf"}}, {"model": "base.transaction", "pk": "728e12a7-34f0-4f87-a37f-bb9a5cbd5410", "fields": {"date_modified": "2023-06-28T22:12:16.032Z", "date_created": "2023-06-28T22:12:15.353Z", "transaction_type": "8db4954e-74d8-4e5c-9249-e110527ab4ee", "request": "{'id': '9c568164-ef81-48c1-a88b-3fabcf7b72a7', 'first_name': 'James', 'last_name': 'stampombie', 'national_id': '33440012', 'mobile_no': '07027839943', 'gender': 'F', 'membership_no': 'LB0001', 'state_name': 'Deleted'}", "response": null, "message": "Success", "user": "AnonymousUser", "source_ip": null, "response_code": null, "state": "62d200d0-afcf-4f40-bfcd-efcf9866a8cf"}}, {"model": "base.transaction", "pk": "7333d45d-1104-4f06-ab4c-82be7d27c99e", "fields": {"date_modified": "2023-06-29T01:54:58.036Z", "date_created": "2023-06-29T01:54:57.663Z", "transaction_type": "434a55d6-dff2-4f35-a21e-98be2c95bdc2", "request": "{'id': '9c568164-ef81-48c1-a88b-3fabcf7b72a7', 'first_name': 'James', 'last_name': 'stampombie', 'national_id': '33440012', 'mobile_no': '07027839943', 'gender': 'F', 'membership_no': 'LB0001', 'state_name': 'Deleted', 'action': 'delete'}", "response": null, "message": "Member already deleted", "user": "AnonymousUser", "source_ip": null, "response_code": "100.000.001", "state": "dac3052b-8d4d-4543-9439-9ef53d7631f5"}}, {"model": "base.transaction", "pk": "748bb73a-ccdb-4989-8957-139e1dd0c0f2", "fields": {"date_modified": "2023-06-30T07:45:26.957Z", "date_created": "2023-06-30T07:45:26.428Z", "transaction_type": "d31687fd-7cc2-4464-8fb4-7e394415cb5d", "request": "{'id': '22ce534e-bbab-4a6e-b3fb-fb119a4c1761', 'date_modified': '2023-06-30T07:36:57.774Z', 'date_created': '2023-06-30T07:36:57.774Z', 'name': 'Journals ', 'description': 'Recognized publications from corporate of renowned backgrounds in a given fields', 'state_id': '5d9e5164-1141-4927-a283-baa12ac08383', 'state_name': 'Active'}", "response": null, "message": "Updated Category Successfully", "user": "AnonymousUser", "source_ip": null, "response_code": "100.000.00", "state": "62d200d0-afcf-4f40-bfcd-efcf9866a8cf"}}, {"model": "base.transaction", "pk": "76b30c36-90fc-439a-a184-b8dcedecb34c", "fields": {"date_modified": "2023-06-29T21:05:20.647Z", "date_created": "2023-06-29T21:05:15.293Z", "transaction_type": "ca38c068-d4f7-4de2-a690-b4bc8d2ca8c2", "request": "{'salutation': 'Mrs', 'firstName': 'Mike', 'lastName': 'Andrew', 'description': 'Melbourne, Australia'}", "response": "'first_name'", "message": "Error occurred in add Author", "user": "AnonymousUser", "source_ip": null, "response_code": "999.999.999", "state": "dac3052b-8d4d-4543-9439-9ef53d7631f5"}}, {"model": "base.transaction", "pk": "76efeaac-a88d-47ad-88e4-8325e88a1fcc", "fields": {"date_modified": "2023-06-30T12:27:17.679Z", "date_created": "2023-06-30T12:27:17.248Z", "transaction_type": "0166c499-5cb9-43e0-884e-f944a1cd1e67", "request": "{'author': 'a9dc04d8-f06d-4fbf-9a5e-86726f0602d0', 'category': 'be2e0a17-6116-4979-be6c-c7a0748e60c8', 'edition': '2nd', 'id': '5ee69252-efa6-4e21-9e47-9f9a93546113', 'no_of_books': 51, 'published_date': '2023-12-02'}", "response": null, "message": "Failed to update the book record", "user": "AnonymousUser", "source_ip": null, "response_code": "300.003.003", "state": "dac3052b-8d4d-4543-9439-9ef53d7631f5"}}, {"model": "base.transaction", "pk": "77e209a9-ade4-4ba7-93ab-a41a9bfe67bf", "fields": {"date_modified": "2023-06-21T09:16:47.159Z", "date_created": "2023-06-21T09:16:46.933Z", "transaction_type": "bfb7ef3c-1f10-4cce-9b18-5a42aeb061f2", "request": "{'member_id': '9c568164-ef81-48c1-a88b-3fabcf7b72a7', 'book_id': '5ee69252-efa6-4e21-9e47-9f9a93546113', 'borrow_duration': 13}", "response": null, "message": "Failed to get book fees", "user": "AnonymousUser", "source_ip": null, "response_code": "300.004.002", "state": "dac3052b-8d4d-4543-9439-9ef53d7631f5"}}, {"model": "base.transaction", "pk": "7801ee77-1116-406c-82a4-2fc6d97aa1a9", "fields": {"date_modified": "2023-06-28T21:54:59.131Z", "date_created": "2023-06-28T21:54:58.328Z", "transaction_type": "8db4954e-74d8-4e5c-9249-e110527ab4ee", "request": "{'id': '9c568164-ef81-48c1-a88b-3fabcf7b72a7', 'first_name': 'James', 'last_name': 'stampombie', 'national_id': '33440012', 'mobile_no': '07027839943', 'gender': 'F', 'membership_no': 'LB0001', 'state_name': 'Deleted'}", "response": null, "message": "Success", "user": "AnonymousUser", "source_ip": null, "response_code": null, "state": "62d200d0-afcf-4f40-bfcd-efcf9866a8cf"}}, {"model": "base.transaction", "pk": "79245c50-2de3-4c2a-8e50-fa6cf22fe929", "fields": {"date_modified": "2023-06-30T12:29:41.098Z", "date_created": "2023-06-30T12:29:40.601Z", "transaction_type": "0166c499-5cb9-43e0-884e-f944a1cd1e67", "request": "{'author': 'a9dc04d8-f06d-4fbf-9a5e-86726f0602d0', 'category': 'be2e0a17-6116-4979-be6c-c7a0748e60c8', 'edition': '2nd', 'id': '5ee69252-efa6-4e21-9e47-9f9a93546113', 'no_of_books': 51, 'published_date': '2023-12-02'}", "response": null, "message": "100.000.000", "user": "AnonymousUser", "source_ip": null, "response_code": "100.000.000", "state": "62d200d0-afcf-4f40-bfcd-efcf9866a8cf"}}, {"model": "base.transaction", "pk": "7f20dc28-8cd1-4a31-be5c-bf6cf2848e6b", "fields": {"date_modified": "2023-06-16T20:25:41.804Z", "date_created": "2023-06-16T20:25:41.532Z", "transaction_type": "0166c499-5cb9-43e0-884e-f944a1cd1e67", "request": "{'book_id': '5ee69252-efa6-4e21-9e47-9f9a93546113', 'title': 'The sun goes down'}", "response": "'book_id'", "message": "Error Occurred during update book record", "user": "AnonymousUser", "source_ip": null, "response_code": "999.999.999", "state": "dac3052b-8d4d-4543-9439-9ef53d7631f5"}}, {"model": "base.transaction", "pk": "81364c9e-d111-445b-8054-26920eda0b04", "fields": {"date_modified": "2023-06-21T09:21:46.084Z", "date_created": "2023-06-21T09:21:45.633Z", "transaction_type": "bfb7ef3c-1f10-4cce-9b18-5a42aeb061f2", "request": "{'member_id': '9c568164-ef81-48c1-a88b-3fabcf7b72a7', 'book_id': '5ee69252-efa6-4e21-9e47-9f9a93546113', 'borrow_duration': 13}", "response": "'Books' object has no attribute 'total_pending_fee'", "message": "Failed to borrower the book", "user": "AnonymousUser", "source_ip": null, "response_code": null, "state": "dac3052b-8d4d-4543-9439-9ef53d7631f5"}}, {"model": "base.transaction", "pk": "81c086b6-e86c-49fa-b767-3ad77f28008d", "fields": {"date_modified": "2023-06-16T20:14:30.703Z", "date_created": "2023-06-16T20:14:30.288Z", "transaction_type": "417832ef-84c4-4309-aa5e-306c2d4bc870", "request": "{'author': '9284b71f-4862-4f65-b6ba-4cde3524901b', 'category': 'be2e0a17-6116-4979-be6c-c7a0748e60c8', 'title': 'the sun goes down', 'ISBN': '3564758hfj', 'edition': '2nd edition', 'published_date': '2023/12/02'}", "response": null, "message": "Unable to create book record", "user": "AnonymousUser", "source_ip": null, "response_code": "300.003.003", "state": "dac3052b-8d4d-4543-9439-9ef53d7631f5"}}, {"model": "base.transaction", "pk": "82139215-0fdf-4157-86ca-914ab23d0d77", "fields": {"date_modified": "2023-06-28T21:52:12.596Z", "date_created": "2023-06-28T21:52:12.126Z", "transaction_type": "8db4954e-74d8-4e5c-9249-e110527ab4ee", "request": "{'id': '9c568164-ef81-48c1-a88b-3fabcf7b72a7', 'first_name': 'James', 'last_name': 'stampombie', 'national_id': '33440012', 'mobile_no': '07027839943', 'gender': 'F', 'membership_no': 'LB0001', 'state_name': 'Deleted'}", "response": "'id'", "message": null, "user": "AnonymousUser", "source_ip": null, "response_code": null, "state": "dac3052b-8d4d-4543-9439-9ef53d7631f5"}}, {"model": "base.transaction", "pk": "8251b205-3274-4b41-9f04-c8c61fc7c51d", "fields": {"date_modified": "2023-06-30T19:14:43.137Z", "date_created": "2023-06-30T19:14:42.536Z", "transaction_type": "bfb7ef3c-1f10-4cce-9b18-5a42aeb061f2", "request": "{'book_id': '8cbb7be6-e23c-49ef-b103-eb6194cf526a', 'member_id': '88eeb1b7-4aed-4a59-90ef-1b8a4f9c1da7', 'borrow_duration': '10'}", "response": null, "message": "Failed to issued book ", "user": "AnonymousUser", "source_ip": null, "response_code": "300.003.003", "state": "dac3052b-8d4d-4543-9439-9ef53d7631f5"}}, {"model": "base.transaction", "pk": "84707c89-a4a6-4335-93c4-4bdd6d32b014", "fields": {"date_modified": "2023-06-30T12:28:34.998Z", "date_created": "2023-06-30T12:28:34.665Z", "transaction_type": "0166c499-5cb9-43e0-884e-f944a1cd1e67", "request": "{'author': 'a9dc04d8-f06d-4fbf-9a5e-86726f0602d0', 'category': 'be2e0a17-6116-4979-be6c-c7a0748e60c8', 'edition': '2nd', 'id': '5ee69252-efa6-4e21-9e47-9f9a93546113', 'no_of_books': 51, 'published_date': '2023-12-02'}", "response": null, "message": "Failed to update the book record", "user": "AnonymousUser", "source_ip": null, "response_code": "300.003.003", "state": "dac3052b-8d4d-4543-9439-9ef53d7631f5"}}, {"model": "base.transaction", "pk": "84802988-e58d-4e8c-88bd-f61b633854e9", "fields": {"date_modified": "2023-06-21T09:27:15.139Z", "date_created": "2023-06-21T09:27:14.451Z", "transaction_type": "d53c6cc1-9bd3-458c-a237-414bf137dd7a", "request": "{'member_id': '9c568164-ef81-48c1-a88b-3fabcf7b72a7', 'book_id': '5ee69252-efa6-4e21-9e47-9f9a93546113', 'borrow_duration': 13}", "response": null, "message": "Success", "user": "AnonymousUser", "source_ip": null, "response_code": null, "state": "62d200d0-afcf-4f40-bfcd-efcf9866a8cf"}}, {"model": "base.transaction", "pk": "87229fed-8823-43ca-9cc6-c6b48b269689", "fields": {"date_modified": "2023-06-15T11:22:43.215Z", "date_created": "2023-06-15T11:22:42.174Z", "transaction_type": "ca38c068-d4f7-4de2-a690-b4bc8d2ca8c2", "request": "{'first_name': 'John', 'last_name': 'Nyangweso', 'salutation': 'Mr', 'description': 'The best autor of the century'}", "response": "list indices must be integers or slices, not str", "message": "Error occurred in add Author", "user": "AnonymousUser", "source_ip": null, "response_code": "999.999.999", "state": "dac3052b-8d4d-4543-9439-9ef53d7631f5"}}, {"model": "base.transaction", "pk": "89835471-7daa-495b-abc4-edefb93a3503", "fields": {"date_modified": "2023-06-29T02:15:08.903Z", "date_created": "2023-06-29T02:15:08.356Z", "transaction_type": "3de1260c-affd-4774-af92-1516da300886", "request": "{'id': '88eeb1b7-4aed-4a59-90ef-1b8a4f9c1da7', 'first_name': 'Stanley', 'last_name': 'Emali', 'national_id': '33185511', 'mobile_no': '0702707831', 'gender': 'Male', 'membership_no': 'LB0003', 'state_name': 'Active', 'action': 'disable'}", "response": null, "message": "Disable member Successfully", "user": "AnonymousUser", "source_ip": null, "response_code": null, "state": "62d200d0-afcf-4f40-bfcd-efcf9866a8cf"}}, {"model": "base.transaction", "pk": "8fe530d9-23fa-4af6-8ada-810e8fb0ea2a", "fields": {"date_modified": "2023-06-28T22:10:48.230Z", "date_created": "2023-06-28T22:10:47.201Z", "transaction_type": "8db4954e-74d8-4e5c-9249-e110527ab4ee", "request": "{'id': '9c568164-ef81-48c1-a88b-3fabcf7b72a7', 'first_name': 'James', 'last_name': 'stampombie', 'national_id': '33440012', 'mobile_no': '07027839943', 'gender': 'F', 'membership_no': 'LB0001', 'state_name': 'Deleted'}", "response": null, "message": "Success", "user": "AnonymousUser", "source_ip": null, "response_code": null, "state": "62d200d0-afcf-4f40-bfcd-efcf9866a8cf"}}, {"model": "base.transaction", "pk": "933389a2-ced9-43cf-924d-95f41840abef", "fields": {"date_modified": "2023-06-15T11:05:30.079Z", "date_created": "2023-06-15T11:05:29.327Z", "transaction_type": "ca38c068-d4f7-4de2-a690-b4bc8d2ca8c2", "request": "{'first_name': 'John', 'last_name': 'Nyangweso', 'salutation': 'Mr', 'description': 'The best autor of the century'}", "response": "'Author' object has no attribute 'values'", "message": "Error occurred in add Author", "user": "AnonymousUser", "source_ip": null, "response_code": "999.999.999", "state": "dac3052b-8d4d-4543-9439-9ef53d7631f5"}}, {"model": "base.transaction", "pk": "93e6ff5f-9562-4a67-8338-8e329fe032e0", "fields": {"date_modified": "2023-06-30T06:13:30.239Z", "date_created": "2023-06-30T06:13:29.266Z", "transaction_type": "d31687fd-7cc2-4464-8fb4-7e394415cb5d", "request": "{'id': 'be2e0a17-6116-4979-be6c-c7a0748e60c8', 'date_modified': '2023-06-16T20:09:35.669Z', 'date_created': '2023-06-16T20:09:35.669Z', 'name': 'Fiction', 'description': 'Fiction genre books', 'state_id': '5d9e5164-1141-4927-a283-baa12ac08383', 'state_name': 'Active'}", "response": null, "message": "Success", "user": "AnonymousUser", "source_ip": null, "response_code": "100.000.00", "state": "62d200d0-afcf-4f40-bfcd-efcf9866a8cf"}}, {"model": "base.transaction", "pk": "9851d187-703f-4f25-baec-ddab0b1ba45e", "fields": {"date_modified": "2023-06-30T07:36:58.063Z", "date_created": "2023-06-30T07:36:57.305Z", "transaction_type": "6941ebbe-8994-4f38-8239-b56064c23c84", "request": "{'name': 'Journals ', 'description': 'Recognized publication from corporate of renown background in given field'}", "response": null, "message": "success", "user": "AnonymousUser", "source_ip": null, "response_code": null, "state": "62d200d0-afcf-4f40-bfcd-efcf9866a8cf"}}, {"model": "base.transaction", "pk": "98dbfd3c-a48b-47b5-9a99-e3c5ca0c8463", "fields": {"date_modified": "2023-06-30T07:48:15.681Z", "date_created": "2023-06-30T07:48:14.989Z", "transaction_type": "d31687fd-7cc2-4464-8fb4-7e394415cb5d", "request": "{'id': 'be2e0a17-6116-4979-be6c-c7a0748e60c8', 'date_modified': '2023-06-30T07:46:52.401Z', 'date_created': '2023-06-16T20:09:35.669Z', 'name': 'Fiction', 'description': 'Fiction genre book ', 'state_id': '5d9e5164-1141-4927-a283-baa12ac08383', 'state_name': 'Active'}", "response": null, "message": "Updated Category Successfully", "user": "AnonymousUser", "source_ip": null, "response_code": "100.000.00", "state": "62d200d0-afcf-4f40-bfcd-efcf9866a8cf"}}, {"model": "base.transaction", "pk": "99f15a67-1b9c-42eb-84f4-38647193202a", "fields": {"date_modified": "2023-06-15T11:16:11.332Z", "date_created": "2023-06-15T11:16:10.823Z", "transaction_type": "ca38c068-d4f7-4de2-a690-b4bc8d2ca8c2", "request": "{'first_name': 'John', 'last_name': 'Nyangweso', 'salutation': 'Mr', 'description': 'The best autor of the century'}", "response": null, "message": "Author created", "user": "AnonymousUser", "source_ip": null, "response_code": "100.000.000", "state": "62d200d0-afcf-4f40-bfcd-efcf9866a8cf"}}, {"model": "base.transaction", "pk": "9b33ad12-5522-4255-992f-8102eefbaa2b", "fields": {"date_modified": "2023-06-30T07:46:52.735Z", "date_created": "2023-06-30T07:46:52.047Z", "transaction_type": "d31687fd-7cc2-4464-8fb4-7e394415cb5d", "request": "{'id': 'be2e0a17-6116-4979-be6c-c7a0748e60c8', 'date_modified': '2023-06-30T07:29:51.630Z', 'date_created': '2023-06-16T20:09:35.669Z', 'name': 'Fiction', 'description': 'Fiction genre book and novels', 'state_id': '5d9e5164-1141-4927-a283-baa12ac08383', 'state_name': 'Active'}", "response": null, "message": "Updated Category Successfully", "user": "AnonymousUser", "source_ip": null, "response_code": "100.000.00", "state": "62d200d0-afcf-4f40-bfcd-efcf9866a8cf"}}, {"model": "base.transaction", "pk": "a155683a-a1f0-478d-9b16-bede15f699af", "fields": {"date_modified": "2023-06-16T20:28:24.783Z", "date_created": "2023-06-16T20:28:23.845Z", "transaction_type": "ff224715-ad58-40d4-9c5e-8e72c9f304d5", "request": "{'book_id': '5ee69252-efa6-4e21-9e47-9f9a93546113', 'title': 'The sun goes down'}", "response": null, "message": "Success", "user": "AnonymousUser", "source_ip": null, "response_code": null, "state": "62d200d0-afcf-4f40-bfcd-efcf9866a8cf"}}, {"model": "base.transaction", "pk": "a4101520-b7a1-4317-8162-fc3a54c8f1b9", "fields": {"date_modified": "2023-06-30T07:21:57.366Z", "date_created": "2023-06-30T07:21:57.366Z", "transaction_type": "6c131fb9-93d7-4f58-b833-baf19a20dee7", "request": "{'id': 'be2e0a17-6116-4979-be6c-c7a0748e60c8', 'date_modified': '2023-06-30T06:13:29.783Z', 'date_created': '2023-06-16T20:09:35.669Z', 'name': 'Fiction', 'description': 'Fiction genre books', 'state_id': '5d9e5164-1141-4927-a283-baa12ac08383', 'state_name': 'Active'}", "response": null, "message": null, "user": "AnonymousUser", "source_ip": null, "response_code": null, "state": "5d9e5164-1141-4927-a283-baa12ac08383"}}, {"model": "base.transaction", "pk": "a4fb3c80-1c97-4d8b-a8d8-3a4f703a3e67", "fields": {"date_modified": "2023-06-15T10:50:33.677Z", "date_created": "2023-06-15T10:50:33.204Z", "transaction_type": "ca38c068-d4f7-4de2-a690-b4bc8d2ca8c2", "request": "{'first_name': 'John', 'last_name': 'Nyangweso', 'salutation': 'Mr', 'description': 'The best autor of the century'}", "response": null, "message": "Author created", "user": "AnonymousUser", "source_ip": null, "response_code": "100.000.000", "state": "62d200d0-afcf-4f40-bfcd-efcf9866a8cf"}}, {"model": "base.transaction", "pk": "a62db361-bd36-4e38-b802-710544054f95", "fields": {"date_modified": "2023-06-21T09:11:17.542Z", "date_created": "2023-06-21T09:11:17.331Z", "transaction_type": "bfb7ef3c-1f10-4cce-9b18-5a42aeb061f2", "request": "{'member_id': '9c568164-ef81-48c1-a88b-3fabcf7b72a7', 'book_id': '5ee69252-efa6-4e21-9e47-9f9a93546113', 'borrow_duration': 13}", "response": "cannot access local variable 'total_pending_fee' where it is not associated with a value", "message": "Failed to borrower the book", "user": "AnonymousUser", "source_ip": null, "response_code": null, "state": "dac3052b-8d4d-4543-9439-9ef53d7631f5"}}, {"model": "base.transaction", "pk": "a7110a9e-55bc-4ade-84db-ad363eb10dc6", "fields": {"date_modified": "2023-06-16T20:26:41.248Z", "date_created": "2023-06-16T20:26:40.972Z", "transaction_type": "0166c499-5cb9-43e0-884e-f944a1cd1e67", "request": "{'book_id': '5ee69252-efa6-4e21-9e47-9f9a93546113', 'title': 'The sun goes down'}", "response": "'book_id'", "message": "Error Occurred during update book record", "user": "AnonymousUser", "source_ip": null, "response_code": "999.999.999", "state": "dac3052b-8d4d-4543-9439-9ef53d7631f5"}}, {"model": "base.transaction", "pk": "a80700cd-c20f-4643-8574-2bfa5d452f63", "fields": {"date_modified": "2023-06-30T19:32:03.736Z", "date_created": "2023-06-30T19:32:02.266Z", "transaction_type": "d53c6cc1-9bd3-458c-a237-414bf137dd7a", "request": "{'member_id': '024e0d65-3d34-41b0-b2c5-67cd9be97f4a', 'book_id': '5ee69252-efa6-4e21-9e47-9f9a93546113'}", "response": null, "message": "Success", "user": "AnonymousUser", "source_ip": null, "response_code": null, "state": "62d200d0-afcf-4f40-bfcd-efcf9866a8cf"}}, {"model": "base.transaction", "pk": "a8af7e0a-8a34-4913-a224-2a818d675383", "fields": {"date_modified": "2023-06-16T20:28:06.683Z", "date_created": "2023-06-16T20:28:05.584Z", "transaction_type": "5d2e7f34-4a0a-4a97-9baf-f9b30fb66180", "request": "{'book_id': '5ee69252-efa6-4e21-9e47-9f9a93546113', 'title': 'The sun goes down'}", "response": null, "message": "Success", "user": "AnonymousUser", "source_ip": null, "response_code": null, "state": "62d200d0-afcf-4f40-bfcd-efcf9866a8cf"}}, {"model": "base.transaction", "pk": "a9db5bc9-4171-4648-8602-a74ae402222d", "fields": {"date_modified": "2023-06-30T17:38:00.594Z", "date_created": "2023-06-30T17:37:59.391Z", "transaction_type": "bfb7ef3c-1f10-4cce-9b18-5a42aeb061f2", "request": "{'book_id': '5ee69252-efa6-4e21-9e47-9f9a93546113', 'member_id': '024e0d65-3d34-41b0-b2c5-67cd9be97f4a', 'borrow_durration': '10'}", "response": null, "message": "Success", "user": "AnonymousUser", "source_ip": null, "response_code": null, "state": "62d200d0-afcf-4f40-bfcd-efcf9866a8cf"}}, {"model": "base.transaction", "pk": "aa523b7b-4ca2-4519-8fa4-745801c38b62", "fields": {"date_modified": "2023-06-30T11:51:50.567Z", "date_created": "2023-06-30T11:51:49.885Z", "transaction_type": "0166c499-5cb9-43e0-884e-f944a1cd1e67", "request": "{'id': '8cbb7be6-e23c-49ef-b103-eb6194cf526a', 'date_modified': '2023-06-30T11:03:07.641Z', 'date_created': '2023-06-30T11:03:07.641Z', 'title': 'The sun will rise again', 'published_date': '2021-06-30', 'edition': '1st edition', 'isbn': '25353674889443', 'book_image': None, 'author_id': '9284b71f-4862-4f65-b6ba-4cde3524901b', 'no_of_books': 12, 'no_of_reserve_books': 1, 'category_id': 'be2e0a17-6116-4979-be6c-c7a0748e60c8', 'status_id': '5d9e5164-1141-4927-a283-baa12ac08383', 'status_name': 'Active', 'category_name': 'Fiction', 'author_name': 'Mrs Johnson Nyangweso', 'author': '9284b71f-4862-4f65-b6ba-4cde3524901b', 'category': '22ce534e-bbab-4a6e-b3fb-fb119a4c1761'}", "response": null, "message": "100.000.000", "user": "AnonymousUser", "source_ip": null, "response_code": "100.000.000", "state": "62d200d0-afcf-4f40-bfcd-efcf9866a8cf"}}, {"model": "base.transaction", "pk": "af1d65ac-f008-4bb8-8943-6ce3019fc7f2", "fields": {"date_modified": "2023-06-30T13:02:44.727Z", "date_created": "2023-06-30T13:02:44.261Z", "transaction_type": "0166c499-5cb9-43e0-884e-f944a1cd1e67", "request": "{'author': 'a9dc04d8-f06d-4fbf-9a5e-86726f0602d0', 'category': '22ce534e-bbab-4a6e-b3fb-fb119a4c1761', 'edition': '2nd', 'id': '5ee69252-efa6-4e21-9e47-9f9a93546113', 'no_of_books': 51, 'published_date': '2023-12-02'}", "response": null, "message": "100.000.000", "user": "AnonymousUser", "source_ip": null, "response_code": "100.000.000", "state": "62d200d0-afcf-4f40-bfcd-efcf9866a8cf"}}, {"model": "base.transaction", "pk": "b2891047-162c-4ca8-a23b-6e865afeb176", "fields": {"date_modified": "2023-06-30T19:15:07.393Z", "date_created": "2023-06-30T19:15:06.822Z", "transaction_type": "bfb7ef3c-1f10-4cce-9b18-5a42aeb061f2", "request": "{'book_id': '8cbb7be6-e23c-49ef-b103-eb6194cf526a', 'member_id': '88eeb1b7-4aed-4a59-90ef-1b8a4f9c1da7', 'borrow_duration': '10'}", "response": null, "message": "Failed to issued book ", "user": "AnonymousUser", "source_ip": null, "response_code": "300.003.003", "state": "dac3052b-8d4d-4543-9439-9ef53d7631f5"}}, {"model": "base.transaction", "pk": "b445ab78-d89a-46b8-9908-6a1cf11a8e60", "fields": {"date_modified": "2023-06-16T20:25:16.302Z", "date_created": "2023-06-16T20:25:16.034Z", "transaction_type": "0166c499-5cb9-43e0-884e-f944a1cd1e67", "request": "{'book_id': '5ee69252-efa6-4e21-9e47-9f9a93546113', 'title': 'The sun goes down'}", "response": "'book_id'", "message": "Error Occurred during update book record", "user": "AnonymousUser", "source_ip": null, "response_code": "999.999.999", "state": "dac3052b-8d4d-4543-9439-9ef53d7631f5"}}, {"model": "base.transaction", "pk": "b58d7c34-a8ae-4bc6-bf10-ec2e7e315851", "fields": {"date_modified": "2023-06-21T09:08:56.884Z", "date_created": "2023-06-21T09:08:55.970Z", "transaction_type": "bfb7ef3c-1f10-4cce-9b18-5a42aeb061f2", "request": "{'member_id': '9c568164-ef81-48c1-a88b-3fabcf7b72a7', 'book_id': '5ee69252-efa6-4e21-9e47-9f9a93546113', 'borrow_duration': 13}", "response": "'NoneType' object has no attribute 'total_pending_fee'", "message": "Failed to borrower the book", "user": "AnonymousUser", "source_ip": null, "response_code": null, "state": "dac3052b-8d4d-4543-9439-9ef53d7631f5"}}, {"model": "base.transaction", "pk": "b5a4f0e0-7688-42a6-9a7c-f838986ed33a", "fields": {"date_modified": "2023-06-29T01:59:45.562Z", "date_created": "2023-06-29T01:59:45.289Z", "transaction_type": "434a55d6-dff2-4f35-a21e-98be2c95bdc2", "request": "{'id': '9c568164-ef81-48c1-a88b-3fabcf7b72a7', 'first_name': 'James', 'last_name': 'stampombie', 'national_id': '33440012', 'mobile_no': '07027839943', 'gender': 'F', 'membership_no': 'LB0001', 'state_name': 'Deleted', 'action': 'delete'}", "response": null, "message": "Member already deleted", "user": "AnonymousUser", "source_ip": null, "response_code": "100.000.001", "state": "dac3052b-8d4d-4543-9439-9ef53d7631f5"}}, {"model": "base.transaction", "pk": "b682d452-a7c1-417e-977c-229acfa9fe39", "fields": {"date_modified": "2023-06-15T11:26:03.515Z", "date_created": "2023-06-15T11:26:02.821Z", "transaction_type": "ca38c068-d4f7-4de2-a690-b4bc8d2ca8c2", "request": "{'first_name': 'John', 'last_name': 'Nyangweso', 'salutation': 'Mr', 'description': 'The best autor of the century'}", "response": null, "message": "Author created", "user": "AnonymousUser", "source_ip": null, "response_code": "100.000.000", "state": "62d200d0-afcf-4f40-bfcd-efcf9866a8cf"}}, {"model": "base.transaction", "pk": "b7920033-31e6-46f3-8f0b-8661071ae4c8", "fields": {"date_modified": "2023-06-29T21:28:15.082Z", "date_created": "2023-06-29T21:28:04.860Z", "transaction_type": "94c649ef-a599-40b3-9f1e-8465c944df21", "request": "{'id': 'a9dc04d8-f06d-4fbf-9a5e-86726f0602d0', 'date_modified': '2023-06-29T21:09:08.794Z', 'date_created': '2023-06-29T21:09:08.794Z', 'salutation': 'Prof.', 'first_name': 'Mike', 'last_name': 'Andrew', 'description': 'Melbourne, Australia', 'state_id': '5d9e5164-1141-4927-a283-baa12ac08383', 'state_name': 'Active'}", "response": null, "message": "Success", "user": "AnonymousUser", "source_ip": null, "response_code": "100.000.000", "state": "62d200d0-afcf-4f40-bfcd-efcf9866a8cf"}}, {"model": "base.transaction", "pk": "b7b1c394-37fa-401e-b630-2c4f97521c58", "fields": {"date_modified": "2023-06-16T20:09:35.926Z", "date_created": "2023-06-16T20:09:35.277Z", "transaction_type": "6941ebbe-8994-4f38-8239-b56064c23c84", "request": "{'name': 'Fiction', 'description': 'Fiction genre book'}", "response": null, "message": "success", "user": "AnonymousUser", "source_ip": null, "response_code": null, "state": "62d200d0-afcf-4f40-bfcd-efcf9866a8cf"}}, {"model": "base.transaction", "pk": "b87e0fb2-db3c-4942-a2c1-9e40397ce5ef", "fields": {"date_modified": "2023-06-16T11:38:07.918Z", "date_created": "2023-06-16T11:38:07.416Z", "transaction_type": "94c649ef-a599-40b3-9f1e-8465c944df21", "request": "{'author_id': '9284b71f-4862-4f65-b6ba-4cde3524901b', 'salutation': 'Mrs', 'first_name': 'Johnson', 'description': 'The best autor of the 21 century'}", "response": null, "message": "Success", "user": "AnonymousUser", "source_ip": null, "response_code": "100.000.000", "state": "62d200d0-afcf-4f40-bfcd-efcf9866a8cf"}}, {"model": "base.transaction", "pk": "b9239a41-2ec8-4f54-8540-a35099482b49", "fields": {"date_modified": "2023-06-16T20:06:32.268Z", "date_created": "2023-06-16T20:06:31.618Z", "transaction_type": "434a55d6-dff2-4f35-a21e-98be2c95bdc2", "request": "{'member_id': '9c568164-ef81-48c1-a88b-3fabcf7b72a7', 'first_name': 'James', 'mobile_no': '07027839943'}", "response": null, "message": "Success", "user": "AnonymousUser", "source_ip": null, "response_code": null, "state": "62d200d0-afcf-4f40-bfcd-efcf9866a8cf"}}, {"model": "base.transaction", "pk": "ba3d732d-b636-47b6-8057-e16c777eb8d5", "fields": {"date_modified": "2023-06-15T11:00:30.162Z", "date_created": "2023-06-15T11:00:29.431Z", "transaction_type": "ca38c068-d4f7-4de2-a690-b4bc8d2ca8c2", "request": "{'first_name': 'John', 'last_name': 'Nyangweso', 'salutation': 'Mr', 'description': 'The best autor of the century'}", "response": "'Author' object is not iterable", "message": "Error occurred in add Author", "user": "AnonymousUser", "source_ip": null, "response_code": "999.999.999", "state": "dac3052b-8d4d-4543-9439-9ef53d7631f5"}}, {"model": "base.transaction", "pk": "bae36b55-5b27-44d7-9642-1ae310c18216", "fields": {"date_modified": "2023-06-28T23:10:26.868Z", "date_created": "2023-06-28T23:10:25.928Z", "transaction_type": "434a55d6-dff2-4f35-a21e-98be2c95bdc2", "request": "{'id': '9c568164-ef81-48c1-a88b-3fabcf7b72a7', 'first_name': 'James', 'last_name': 'stampombie', 'national_id': '33440012', 'mobile_no': '07027839943', 'gender': 'F', 'membership_no': 'LB0001', 'state_name': 'Deleted'}", "response": null, "message": "Success", "user": "AnonymousUser", "source_ip": null, "response_code": null, "state": "62d200d0-afcf-4f40-bfcd-efcf9866a8cf"}}, {"model": "base.transaction", "pk": "be8abf5b-b5f6-4230-bed3-13736c4d6c75", "fields": {"date_modified": "2023-06-29T02:11:12.923Z", "date_created": "2023-06-29T02:11:12.432Z", "transaction_type": "3de1260c-affd-4774-af92-1516da300886", "request": "{'id': '9c568164-ef81-48c1-a88b-3fabcf7b72a7', 'first_name': 'James', 'last_name': 'stampombie', 'national_id': '33440012', 'mobile_no': '07027839943', 'gender': 'F', 'membership_no': 'LB0001', 'state_name': 'Active', 'action': 'disable'}", "response": null, "message": "Disable member Successfully", "user": "AnonymousUser", "source_ip": null, "response_code": null, "state": "62d200d0-afcf-4f40-bfcd-efcf9866a8cf"}}, {"model": "base.transaction", "pk": "c01dd83e-811a-4b3c-b088-d596285ff2c0", "fields": {"date_modified": "2023-06-15T11:32:10.741Z", "date_created": "2023-06-15T11:32:10.206Z", "transaction_type": "ca38c068-d4f7-4de2-a690-b4bc8d2ca8c2", "request": "{'first_name': 'John', 'last_name': 'Nyangweso', 'salutation': 'Mr', 'description': 'The best autor of the century'}", "response": null, "message": "Author created", "user": "AnonymousUser", "source_ip": null, "response_code": "100.000.000", "state": "62d200d0-afcf-4f40-bfcd-efcf9866a8cf"}}, {"model": "base.transaction", "pk": "c079739c-32a2-4207-8340-b64a98f838ab", "fields": {"date_modified": "2023-06-15T11:24:38.117Z", "date_created": "2023-06-15T11:24:37.348Z", "transaction_type": "ca38c068-d4f7-4de2-a690-b4bc8d2ca8c2", "request": "{'first_name': 'John', 'last_name': 'Nyangweso', 'salutation': 'Mr', 'description': 'The best autor of the century'}", "response": "the JSON object must be str, bytes or bytearray, not dict", "message": "Error occurred in add Author", "user": "AnonymousUser", "source_ip": null, "response_code": "999.999.999", "state": "dac3052b-8d4d-4543-9439-9ef53d7631f5"}}, {"model": "base.transaction", "pk": "c4d5ac8a-d1a6-44c0-96c0-ce6f90c52670", "fields": {"date_modified": "2023-06-30T11:49:45.840Z", "date_created": "2023-06-30T11:49:45.220Z", "transaction_type": "0166c499-5cb9-43e0-884e-f944a1cd1e67", "request": "{'id': '5ee69252-efa6-4e21-9e47-9f9a93546113', 'date_modified': '2023-06-21T09:28:33.740Z', 'date_created': '2023-06-16T20:14:48.319Z', 'title': 'The sun goes down', 'published_date': '2023-12-02', 'edition': '2nd edition', 'isbn': '3564758hfj', 'book_image': None, 'author_id': '9284b71f-4862-4f65-b6ba-4cde3524901b', 'no_of_books': 51, 'no_of_reserve_books': 3, 'category_id': 'be2e0a17-6116-4979-be6c-c7a0748e60c8', 'status_id': '5d9e5164-1141-4927-a283-baa12ac08383', 'status_name': 'Active', 'category_name': 'Fiction', 'author_name': 'Mrs Johnson Nyangweso', 'author': '9284b71f-4862-4f65-b6ba-4cde3524901b', 'category': 'be2e0a17-6116-4979-be6c-c7a0748e60c8'}", "response": "'Author' object has no attribute 'get'", "message": "Error Occurred during update book record", "user": "AnonymousUser", "source_ip": null, "response_code": "999.999.999", "state": "dac3052b-8d4d-4543-9439-9ef53d7631f5"}}, {"model": "base.transaction", "pk": "c5175241-9f35-42bc-8c83-db22b2695b44", "fields": {"date_modified": "2023-06-30T07:44:23.523Z", "date_created": "2023-06-30T07:44:22.938Z", "transaction_type": "d31687fd-7cc2-4464-8fb4-7e394415cb5d", "request": "{'id': '22ce534e-bbab-4a6e-b3fb-fb119a4c1761', 'date_modified': '2023-06-30T07:36:57.774Z', 'date_created': '2023-06-30T07:36:57.774Z', 'name': 'Journals ', 'description': 'Recognized publications from corporate of renowned backgrounds in a given field', 'state_id': '5d9e5164-1141-4927-a283-baa12ac08383', 'state_name': 'Active'}", "response": null, "message": "Success", "user": "AnonymousUser", "source_ip": null, "response_code": "100.000.00", "state": "62d200d0-afcf-4f40-bfcd-efcf9866a8cf"}}, {"model": "base.transaction", "pk": "c6d8da87-5703-4e0f-b3cf-5222dd775fca", "fields": {"date_modified": "2023-06-29T02:08:15.192Z", "date_created": "2023-06-29T02:08:14.876Z", "transaction_type": "3de1260c-affd-4774-af92-1516da300886", "request": "{'id': '024e0d65-3d34-41b0-b2c5-67cd9be97f4a', 'first_name': 'Daniel', 'last_name': 'Dans', 'national_id': '33440034', 'mobile_no': '070278399023', 'gender': 'F', 'membership_no': 'LB0002', 'state_name': 'Deleted', 'action': 'disable'}", "response": "'State' object has no attribute 'name__in'", "message": "Error deleting member details", "user": "AnonymousUser", "source_ip": null, "response_code": null, "state": "dac3052b-8d4d-4543-9439-9ef53d7631f5"}}, {"model": "base.transaction", "pk": "c7159486-3c0c-4b48-a0bf-6b847a82c87c", "fields": {"date_modified": "2023-06-29T02:24:16.530Z", "date_created": "2023-06-29T02:24:15.789Z", "transaction_type": "2f0fb3ea-4065-40d8-b953-9e32bad74f4c", "request": "{'id': '024e0d65-3d34-41b0-b2c5-67cd9be97f4a', 'first_name': 'Daniel', 'last_name': 'Dans', 'national_id': '33440034', 'mobile_no': '070278399023', 'gender': 'F', 'membership_no': 'LB0002', 'state_name': 'Deleted', 'action': 'enable'}", "response": null, "message": "Enable member Successfully", "user": "AnonymousUser", "source_ip": null, "response_code": null, "state": "62d200d0-afcf-4f40-bfcd-efcf9866a8cf"}}, {"model": "base.transaction", "pk": "c7bf0918-e35d-494b-9626-75847ce5180c", "fields": {"date_modified": "2023-06-29T02:25:10.164Z", "date_created": "2023-06-29T02:25:09.648Z", "transaction_type": "3de1260c-affd-4774-af92-1516da300886", "request": "{'id': '024e0d65-3d34-41b0-b2c5-67cd9be97f4a', 'first_name': 'Daniel', 'last_name': 'Dans', 'national_id': '33440034', 'mobile_no': '070278399023', 'gender': 'F', 'membership_no': 'LB0002', 'state_name': 'Active', 'action': 'disable'}", "response": null, "message": "Disable member Successfully", "user": "AnonymousUser", "source_ip": null, "response_code": null, "state": "62d200d0-afcf-4f40-bfcd-efcf9866a8cf"}}, {"model": "base.transaction", "pk": "c84f7ecc-c91e-4fa3-a32b-246d4ee1487a", "fields": {"date_modified": "2023-06-21T09:23:52.937Z", "date_created": "2023-06-21T09:23:52.167Z", "transaction_type": "bfb7ef3c-1f10-4cce-9b18-5a42aeb061f2", "request": "{'member_id': '9c568164-ef81-48c1-a88b-3fabcf7b72a7', 'book_id': '5ee69252-efa6-4e21-9e47-9f9a93546113', 'borrow_duration': 13}", "response": null, "message": "Success", "user": "AnonymousUser", "source_ip": null, "response_code": null, "state": "62d200d0-afcf-4f40-bfcd-efcf9866a8cf"}}, {"model": "base.transaction", "pk": "c9c2168d-5200-46d6-9b92-3a4643b65aee", "fields": {"date_modified": "2023-06-16T20:27:31.184Z", "date_created": "2023-06-16T20:27:30.665Z", "transaction_type": "0166c499-5cb9-43e0-884e-f944a1cd1e67", "request": "{'book_id': '5ee69252-efa6-4e21-9e47-9f9a93546113', 'title': 'The sun goes down'}", "response": null, "message": "100.000.000", "user": "AnonymousUser", "source_ip": null, "response_code": "100.000.000", "state": "62d200d0-afcf-4f40-bfcd-efcf9866a8cf"}}, {"model": "base.transaction", "pk": "cac42519-691b-4bc9-942f-8d9edfbbf425", "fields": {"date_modified": "2023-06-16T20:14:13.398Z", "date_created": "2023-06-16T20:14:13.011Z", "transaction_type": "417832ef-84c4-4309-aa5e-306c2d4bc870", "request": "{'author': '9284b71f-4862-4f65-b6ba-4cde3524901b', 'category': 'be2e0a17-6116-4979-be6c-c7a0748e60c8', 'title': 'the sun goes down', 'ISBN': '3564758hfj', 'ediction': '2nd edition', 'published_date': '2023/12/02'}", "response": null, "message": "Unable to create book record", "user": "AnonymousUser", "source_ip": null, "response_code": "300.003.003", "state": "dac3052b-8d4d-4543-9439-9ef53d7631f5"}}, {"model": "base.transaction", "pk": "cbf45b00-d560-4354-bc09-465172a03f33", "fields": {"date_modified": "2023-06-28T21:52:51.574Z", "date_created": "2023-06-28T21:52:51.290Z", "transaction_type": "8db4954e-74d8-4e5c-9249-e110527ab4ee", "request": "{'id': '9c568164-ef81-48c1-a88b-3fabcf7b72a7', 'first_name': 'James', 'last_name': 'stampombie', 'national_id': '33440012', 'mobile_no': '07027839943', 'gender': 'F', 'membership_no': 'LB0001', 'state_name': 'Deleted'}", "response": "'id'", "message": null, "user": "AnonymousUser", "source_ip": null, "response_code": null, "state": "dac3052b-8d4d-4543-9439-9ef53d7631f5"}}, {"model": "base.transaction", "pk": "ce2b8789-2586-4426-ac7d-ef3859934e95", "fields": {"date_modified": "2023-06-16T11:58:42.421Z", "date_created": "2023-06-16T11:58:41.102Z", "transaction_type": "cc19b57a-4d46-46c0-94dd-ded0ade90a96", "request": "{'author_id': '9284b71f-4862-4f65-b6ba-4cde3524901b'}", "response": null, "message": "Success", "user": "AnonymousUser", "source_ip": null, "response_code": "100.000.000", "state": "62d200d0-afcf-4f40-bfcd-efcf9866a8cf"}}, {"model": "base.transaction", "pk": "d350d7ef-eccb-4b98-8233-0945c42043d3", "fields": {"date_modified": "2023-06-30T12:31:07.854Z", "date_created": "2023-06-30T12:31:07.408Z", "transaction_type": "0166c499-5cb9-43e0-884e-f944a1cd1e67", "request": "{'author': 'a9dc04d8-f06d-4fbf-9a5e-86726f0602d0', 'category': 'be2e0a17-6116-4979-be6c-c7a0748e60c8', 'edition': '2nd', 'id': '5ee69252-efa6-4e21-9e47-9f9a93546113', 'no_of_books': 51, 'published_date': '2023-12-02'}", "response": null, "message": "100.000.000", "user": "AnonymousUser", "source_ip": null, "response_code": "100.000.000", "state": "62d200d0-afcf-4f40-bfcd-efcf9866a8cf"}}, {"model": "base.transaction", "pk": "d4f0d1f5-749f-479f-acd9-520703a0c210", "fields": {"date_modified": "2023-06-16T20:01:52.631Z", "date_created": "2023-06-16T20:01:52.059Z", "transaction_type": "6120ea5e-70ab-43e3-8745-9f9eca52def5", "request": "{'first_name': 'Daniel', 'last_name': 'Dans', 'national_id': '33440034', 'mobile_no': '070278399023', 'gender': 'F'}", "response": null, "message": "Success", "user": "AnonymousUser", "source_ip": null, "response_code": null, "state": "62d200d0-afcf-4f40-bfcd-efcf9866a8cf"}}, {"model": "base.transaction", "pk": "d674a307-b8a9-4e7b-954e-674608b9bccb", "fields": {"date_modified": "2023-06-15T11:14:43.427Z", "date_created": "2023-06-15T11:14:42.488Z", "transaction_type": "ca38c068-d4f7-4de2-a690-b4bc8d2ca8c2", "request": "{'first_name': 'John', 'last_name': 'Nyangweso', 'salutation': 'Mr', 'description': 'The best autor of the century'}", "response": "Expecting value: line 1 column 2 (char 1)", "message": "Error occurred in add Author", "user": "AnonymousUser", "source_ip": null, "response_code": "999.999.999", "state": "dac3052b-8d4d-4543-9439-9ef53d7631f5"}}, {"model": "base.transaction", "pk": "d7a01cc4-9d1b-4bee-8107-3e40a38e135f", "fields": {"date_modified": "2023-06-30T12:49:00.244Z", "date_created": "2023-06-30T12:48:59.750Z", "transaction_type": "5d2e7f34-4a0a-4a97-9baf-f9b30fb66180", "request": "{'id': '8cbb7be6-e23c-49ef-b103-eb6194cf526a'}", "response": null, "message": "Success", "user": "AnonymousUser", "source_ip": null, "response_code": null, "state": "62d200d0-afcf-4f40-bfcd-efcf9866a8cf"}}, {"model": "base.transaction", "pk": "d85d901f-8668-4dbf-bd7f-db7cb442bcfe", "fields": {"date_modified": "2023-06-30T07:45:38.990Z", "date_created": "2023-06-30T07:45:38.381Z", "transaction_type": "d31687fd-7cc2-4464-8fb4-7e394415cb5d", "request": "{'id': '22ce534e-bbab-4a6e-b3fb-fb119a4c1761', 'date_modified': '2023-06-30T07:36:57.774Z', 'date_created': '2023-06-30T07:36:57.774Z', 'name': 'Journals ', 'description': 'Recognized publications from corporate of renowned backgrounds in a given fields', 'state_id': '5d9e5164-1141-4927-a283-baa12ac08383', 'state_name': 'Active'}", "response": null, "message": "Updated Category Successfully", "user": "AnonymousUser", "source_ip": null, "response_code": "100.000.00", "state": "62d200d0-afcf-4f40-bfcd-efcf9866a8cf"}}, {"model": "base.transaction", "pk": "d90789d4-930e-4a16-916e-e7bb2799ea2a", "fields": {"date_modified": "2023-06-15T10:40:13.071Z", "date_created": "2023-06-15T10:40:12.576Z", "transaction_type": "ca38c068-d4f7-4de2-a690-b4bc8d2ca8c2", "request": "{'first_name': 'John', 'last_name': 'Nyangweso', 'salutation': 'Mr.', 'description': 'The best autor of the century'}", "response": null, "message": "Author created", "user": "AnonymousUser", "source_ip": null, "response_code": "100.000.000", "state": "62d200d0-afcf-4f40-bfcd-efcf9866a8cf"}}, {"model": "base.transaction", "pk": "d9cef7df-41e7-45f5-9e75-813ebc4362c9", "fields": {"date_modified": "2023-06-30T12:44:51.973Z", "date_created": "2023-06-30T12:44:51.395Z", "transaction_type": "5d2e7f34-4a0a-4a97-9baf-f9b30fb66180", "request": "{'id': '5ee69252-efa6-4e21-9e47-9f9a93546113'}", "response": null, "message": "Success", "user": "AnonymousUser", "source_ip": null, "response_code": null, "state": "62d200d0-afcf-4f40-bfcd-efcf9866a8cf"}}, {"model": "base.transaction", "pk": "da66e620-b6ab-4d62-8b13-344ffdd1c569", "fields": {"date_modified": "2023-06-29T02:16:05.059Z", "date_created": "2023-06-29T02:16:04.546Z", "transaction_type": "2f0fb3ea-4065-40d8-b953-9e32bad74f4c", "request": "{'id': '88eeb1b7-4aed-4a59-90ef-1b8a4f9c1da7', 'first_name': 'Stanley', 'last_name': 'Emali', 'national_id': '33185511', 'mobile_no': '0702707831', 'gender': 'Male', 'membership_no': 'LB0003', 'state_name': 'Disabled', 'action': 'enable'}", "response": null, "message": "Enable member Successfully", "user": "AnonymousUser", "source_ip": null, "response_code": null, "state": "62d200d0-afcf-4f40-bfcd-efcf9866a8cf"}}, {"model": "base.transaction", "pk": "df1f4290-6a7d-4e39-84b2-11210a1f7aca", "fields": {"date_modified": "2023-06-30T11:50:57.337Z", "date_created": "2023-06-30T11:50:56.993Z", "transaction_type": "0166c499-5cb9-43e0-884e-f944a1cd1e67", "request": "{'id': '8cbb7be6-e23c-49ef-b103-eb6194cf526a', 'date_modified': '2023-06-30T11:03:07.641Z', 'date_created': '2023-06-30T11:03:07.641Z', 'title': 'The sun will rise again', 'published_date': '2021-06-30', 'edition': '1st edition', 'isbn': '25353674889443', 'book_image': None, 'author_id': '9284b71f-4862-4f65-b6ba-4cde3524901b', 'no_of_books': 12, 'no_of_reserve_books': 1, 'category_id': 'be2e0a17-6116-4979-be6c-c7a0748e60c8', 'status_id': '5d9e5164-1141-4927-a283-baa12ac08383', 'status_name': 'Active', 'category_name': 'Fiction', 'author_name': 'Mrs Johnson Nyangweso', 'author': '9284b71f-4862-4f65-b6ba-4cde3524901b', 'category': '22ce534e-bbab-4a6e-b3fb-fb119a4c1761'}", "response": null, "message": "Failed to update the book record", "user": "AnonymousUser", "source_ip": null, "response_code": "300.003.003", "state": "dac3052b-8d4d-4543-9439-9ef53d7631f5"}}, {"model": "base.transaction", "pk": "e1869d1d-41c3-4867-a2b4-37e5342f70ac", "fields": {"date_modified": "2023-06-30T12:07:15.686Z", "date_created": "2023-06-30T12:07:14.671Z", "transaction_type": "0166c499-5cb9-43e0-884e-f944a1cd1e67", "request": "{'id': '8cbb7be6-e23c-49ef-b103-eb6194cf526a', 'date_modified': '2023-06-30T11:51:50.179Z', 'date_created': '2023-06-30T11:03:07.641Z', 'title': 'The sun will rise agains', 'published_date': '2021-06-30', 'edition': '1st edition', 'isbn': '25353674889443', 'book_image': None, 'author_id': '9284b71f-4862-4f65-b6ba-4cde3524901b', 'no_of_books': 12, 'no_of_reserve_books': 1, 'category_id': 'be2e0a17-6116-4979-be6c-c7a0748e60c8', 'status_id': '5d9e5164-1141-4927-a283-baa12ac08383', 'status_name': 'Active', 'category_name': 'Fiction', 'author_name': 'Mrs Johnson Nyangweso', 'author': '9284b71f-4862-4f65-b6ba-4cde3524901b', 'category': 'be2e0a17-6116-4979-be6c-c7a0748e60c8'}", "response": null, "message": "100.000.000", "user": "AnonymousUser", "source_ip": null, "response_code": "100.000.000", "state": "62d200d0-afcf-4f40-bfcd-efcf9866a8cf"}}, {"model": "base.transaction", "pk": "e2099642-7bb7-4e30-a8cf-8384b658cec7", "fields": {"date_modified": "2023-06-28T22:18:21.146Z", "date_created": "2023-06-28T22:18:20.195Z", "transaction_type": "8db4954e-74d8-4e5c-9249-e110527ab4ee", "request": "{'id': '9c568164-ef81-48c1-a88b-3fabcf7b72a7', 'first_name': 'James', 'last_name': 'stampombie', 'national_id': '33440012', 'mobile_no': '07027839943', 'gender': 'F', 'membership_no': 'LB0001', 'state_name': 'Deleted'}", "response": null, "message": "Success", "user": "AnonymousUser", "source_ip": null, "response_code": null, "state": "62d200d0-afcf-4f40-bfcd-efcf9866a8cf"}}, {"model": "base.transaction", "pk": "e5c8ff96-3808-4921-b2cc-224b5cd59622", "fields": {"date_modified": "2023-06-28T21:49:45.485Z", "date_created": "2023-06-28T21:49:45.065Z", "transaction_type": "8db4954e-74d8-4e5c-9249-e110527ab4ee", "request": "{'id': '9c568164-ef81-48c1-a88b-3fabcf7b72a7', 'first_name': 'James', 'last_name': 'stampombie', 'national_id': '334400441', 'mobile_no': '07027839943', 'gender': 'F', 'membership_no': 'LB0001', 'state_name': 'Deleted'}", "response": "'id'", "message": null, "user": "AnonymousUser", "source_ip": null, "response_code": null, "state": "dac3052b-8d4d-4543-9439-9ef53d7631f5"}}, {"model": "base.transaction", "pk": "eaf3a7ea-cff9-4d1b-a82b-6b4ebeca2e5f", "fields": {"date_modified": "2023-06-15T11:01:45.828Z", "date_created": "2023-06-15T11:01:45.126Z", "transaction_type": "ca38c068-d4f7-4de2-a690-b4bc8d2ca8c2", "request": "{'first_name': 'John', 'last_name': 'Nyangweso', 'salutation': 'Mr', 'description': 'The best autor of the century'}", "response": "'Author' object is not iterable", "message": "Error occurred in add Author", "user": "AnonymousUser", "source_ip": null, "response_code": "999.999.999", "state": "dac3052b-8d4d-4543-9439-9ef53d7631f5"}}, {"model": "base.transaction", "pk": "eba303a2-78df-422d-8524-949f2f6ddecc", "fields": {"date_modified": "2023-06-29T21:09:09.117Z", "date_created": "2023-06-29T21:09:06.527Z", "transaction_type": "ca38c068-d4f7-4de2-a690-b4bc8d2ca8c2", "request": "{'salutation': '', 'first_name': 'Mike', 'last_name': 'Andrew', 'description': 'Melbourne, Australia'}", "response": null, "message": "Author created", "user": "AnonymousUser", "source_ip": null, "response_code": "100.000.000", "state": "62d200d0-afcf-4f40-bfcd-efcf9866a8cf"}}, {"model": "base.transaction", "pk": "f0e93de6-a11c-41a3-a60d-db472e8256ef", "fields": {"date_modified": "2023-06-29T02:03:01.962Z", "date_created": "2023-06-29T02:03:01.424Z", "transaction_type": "2f0fb3ea-4065-40d8-b953-9e32bad74f4c", "request": "{'id': '9c568164-ef81-48c1-a88b-3fabcf7b72a7', 'first_name': 'James', 'last_name': 'stampombie', 'national_id': '33440012', 'mobile_no': '07027839943', 'gender': 'F', 'membership_no': 'LB0001', 'state_name': 'Deleted', 'action': 'enable'}", "response": null, "message": "Success", "user": "AnonymousUser", "source_ip": null, "response_code": null, "state": "62d200d0-afcf-4f40-bfcd-efcf9866a8cf"}}, {"model": "base.transaction", "pk": "f0f27f13-c9e2-4330-be7d-a22e7a6af8b5", "fields": {"date_modified": "2023-06-28T22:30:06.109Z", "date_created": "2023-06-28T22:30:05.225Z", "transaction_type": "8db4954e-74d8-4e5c-9249-e110527ab4ee", "request": "{'id': '9c568164-ef81-48c1-a88b-3fabcf7b72a7', 'first_name': 'James', 'last_name': 'stampombie', 'national_id': '33440012', 'mobile_no': '07027839943', 'gender': 'F', 'membership_no': 'LB0001', 'state_name': 'Deleted'}", "response": null, "message": "Success", "user": "AnonymousUser", "source_ip": null, "response_code": null, "state": "62d200d0-afcf-4f40-bfcd-efcf9866a8cf"}}, {"model": "base.transaction", "pk": "f2f87eb6-b209-4026-ad83-56f2302a4590", "fields": {"date_modified": "2023-06-30T11:22:07.477Z", "date_created": "2023-06-30T11:22:06.692Z", "transaction_type": "0166c499-5cb9-43e0-884e-f944a1cd1e67", "request": "{'id': '5ee69252-efa6-4e21-9e47-9f9a93546113', 'date_modified': '2023-06-21T09:28:33.740Z', 'date_created': '2023-06-16T20:14:48.319Z', 'title': 'The sun goes down', 'published_date': '2023-12-02', 'edition': '2nd edition', 'isbn': '3564758hfj', 'book_image': None, 'author_id': '9284b71f-4862-4f65-b6ba-4cde3524901b', 'no_of_books': 51, 'no_of_reserve_books': 3, 'category_id': 'be2e0a17-6116-4979-be6c-c7a0748e60c8', 'status_id': '5d9e5164-1141-4927-a283-baa12ac08383', 'status_name': 'Active', 'category_name': 'Fiction', 'author_name': 'Mrs Johnson Nyangweso', 'author': '9284b71f-4862-4f65-b6ba-4cde3524901b', 'category': 'be2e0a17-6116-4979-be6c-c7a0748e60c8'}", "response": "'book_id'", "message": "Error Occurred during update book record", "user": "AnonymousUser", "source_ip": null, "response_code": "999.999.999", "state": "dac3052b-8d4d-4543-9439-9ef53d7631f5"}}, {"model": "base.transaction", "pk": "f354966f-9fe3-411a-8b80-ea10c91431e7", "fields": {"date_modified": "2023-06-15T11:11:39.805Z", "date_created": "2023-06-15T11:11:38.775Z", "transaction_type": "ca38c068-d4f7-4de2-a690-b4bc8d2ca8c2", "request": "{'first_name': 'John', 'last_name': 'Nyangweso', 'salutation': 'Mr', 'description': 'The best autor of the century'}", "response": null, "message": "Author created", "user": "AnonymousUser", "source_ip": null, "response_code": "100.000.000", "state": "62d200d0-afcf-4f40-bfcd-efcf9866a8cf"}}, {"model": "base.transaction", "pk": "f794f5c8-b942-4cf2-9a22-d83e43a3a0f0", "fields": {"date_modified": "2023-06-16T20:12:08.376Z", "date_created": "2023-06-16T20:12:07.986Z", "transaction_type": "417832ef-84c4-4309-aa5e-306c2d4bc870", "request": "{'author': '9284b71f-4862-4f65-b6ba-4cde3524901b', 'category': 'be2e0a17-6116-4979-be6c-c7a0748e60c8', 'book': 'the sun goes down'}", "response": null, "message": "Unable to create book record", "user": "AnonymousUser", "source_ip": null, "response_code": "300.003.003", "state": "dac3052b-8d4d-4543-9439-9ef53d7631f5"}}, {"model": "base.transaction", "pk": "f7ab83a5-1b0d-47c7-82e3-a324878d5e94", "fields": {"date_modified": "2023-06-16T20:05:52.035Z", "date_created": "2023-06-16T20:05:50.505Z", "transaction_type": "8db4954e-74d8-4e5c-9249-e110527ab4ee", "request": "{'member_id': '9c568164-ef81-48c1-a88b-3fabcf7b72a7', 'first_name': 'James', 'mobile_no': '07027839943'}", "response": null, "message": "Success", "user": "AnonymousUser", "source_ip": null, "response_code": null, "state": "62d200d0-afcf-4f40-bfcd-efcf9866a8cf"}}, {"model": "base.transaction", "pk": "f8740c9d-b913-4714-9e17-3d574abd195d", "fields": {"date_modified": "2023-06-29T00:59:05.869Z", "date_created": "2023-06-29T00:59:04.921Z", "transaction_type": "6120ea5e-70ab-43e3-8745-9f9eca52def5", "request": "{'national_id': '33185511', 'mobile_no': '0702707831', 'first_name': 'Stanley', 'last_name': 'Emali', 'gender': 'Male'}", "response": null, "message": "Success", "user": "AnonymousUser", "source_ip": null, "response_code": null, "state": "62d200d0-afcf-4f40-bfcd-efcf9866a8cf"}}, {"model": "base.transaction", "pk": "f97d6008-a9db-4357-825e-cfea5c87d2f4", "fields": {"date_modified": "2023-06-15T10:59:34.547Z", "date_created": "2023-06-15T10:59:33.593Z", "transaction_type": "ca38c068-d4f7-4de2-a690-b4bc8d2ca8c2", "request": "{'first_name': 'John', 'last_name': 'Nyangweso', 'salutation': 'Mr', 'description': 'The best autor of the century'}", "response": "'Author' object is not iterable", "message": "Error occurred in add Author", "user": "AnonymousUser", "source_ip": null, "response_code": "999.999.999", "state": "dac3052b-8d4d-4543-9439-9ef53d7631f5"}}, {"model": "base.transaction", "pk": "f9cf56cd-e687-44ae-a5bf-443d512436f0", "fields": {"date_modified": "2023-06-30T06:09:25.134Z", "date_created": "2023-06-30T06:09:24.590Z", "transaction_type": "d31687fd-7cc2-4464-8fb4-7e394415cb5d", "request": "{'id': 'be2e0a17-6116-4979-be6c-c7a0748e60c8', 'date_modified': '2023-06-16T20:09:35.669Z', 'date_created': '2023-06-16T20:09:35.669Z', 'name': 'Fiction', 'description': 'Fiction genre books', 'state_id': '5d9e5164-1141-4927-a283-baa12ac08383', 'state_name': 'Active'}", "response": "'category_id'", "message": "Error during update category", "user": "AnonymousUser", "source_ip": null, "response_code": null, "state": "dac3052b-8d4d-4543-9439-9ef53d7631f5"}}, {"model": "base.transaction", "pk": "fa52dcea-cfd0-4162-8501-1d6f91f24ac3", "fields": {"date_modified": "2023-06-30T19:34:39.817Z", "date_created": "2023-06-30T19:34:38.970Z", "transaction_type": "d53c6cc1-9bd3-458c-a237-414bf137dd7a", "request": "{'member_id': '024e0d65-3d34-41b0-b2c5-67cd9be97f4a', 'book_id': '5ee69252-efa6-4e21-9e47-9f9a93546113'}", "response": null, "message": "Failed to issued book ", "user": "AnonymousUser", "source_ip": null, "response_code": "300.003.003", "state": "dac3052b-8d4d-4543-9439-9ef53d7631f5"}}, {"model": "base.transaction", "pk": "fa9865e2-71ea-47ae-83ff-f98583a3f944", "fields": {"date_modified": "2023-06-16T11:46:58.257Z", "date_created": "2023-06-16T11:46:57.274Z", "transaction_type": "94c649ef-a599-40b3-9f1e-8465c944df21", "request": "{'author_id': '9284b71f-4862-4f65-b6ba-4cde3524901b', 'salutation': 'Mrs', 'first_name': 'Johnson', 'description': 'The best autor of the 21 century'}", "response": null, "message": "Success", "user": "AnonymousUser", "source_ip": null, "response_code": "100.000.000", "state": "62d200d0-afcf-4f40-bfcd-efcf9866a8cf"}}, {"model": "base.transaction", "pk": "fd983fb5-d4ea-4841-bcf9-4e3430b27c37", "fields": {"date_modified": "2023-06-15T11:13:55.663Z", "date_created": "2023-06-15T11:13:54.900Z", "transaction_type": "ca38c068-d4f7-4de2-a690-b4bc8d2ca8c2", "request": "{'first_name': 'John', 'last_name': 'Nyangweso', 'salutation': 'Mr', 'description': 'The best autor of the century'}", "response": null, "message": "Author created", "user": "AnonymousUser", "source_ip": null, "response_code": "100.000.000", "state": "62d200d0-afcf-4f40-bfcd-efcf9866a8cf"}}, {"model": "base.transaction", "pk": "fef706a8-f884-441d-9091-deb653ccbc0b", "fields": {"date_modified": "2023-06-16T11:36:14.650Z", "date_created": "2023-06-16T11:36:14.336Z", "transaction_type": "94c649ef-a599-40b3-9f1e-8465c944df21", "request": "{'author_id': '9284b71f-4862-4f65-b6ba-4cde3524901', 'salutation': 'Mrs', 'first_name': 'Johnson', 'description': 'The best autor of the 21 century'}", "response": null, "message": "Invalid author identifier", "user": "AnonymousUser", "source_ip": null, "response_code": "300.001.004", "state": "dac3052b-8d4d-4543-9439-9ef53d7631f5"}}]